TaskID,Input1,Output1_1
0,0,99.0
0,2,89.0
0,3,84.0
0,5,77.0
0,7,69.0
0,8,66.0
0,9,62.0
1,0,105.0
1,3,125.0
1,4,106.0
1,5,103.0
1,6,128.0
1,8,75.0
1,9,68.0
1,10,60.0
1,11,115.0
2,0,90.0
2,2,77.0
2,3,73.0
2,5,67.0
2,6,64.0
2,7,61.0
2,8,58.0
2,9,54.0
2,13,39.0
3,0,95.0
3,2,68.0
3,3,61.0
3,4,54.0
3,5,135.0
3,6,148.0
3,7,148.0
3,8,142.0
4,0,90.0
4,2,60.0
4,4,52.0
4,6,44.0
4,7,40.0
4,8,117.0
4,9,122.0
4,10,194.0
4,11,197.0
4,13,47.0
5,0,100.0
5,2,98.0
5,3,93.0
5,4,87.0
5,5,83.0
5,6,131.0
5,7,171.0
6,0,90.0
6,4,87.0
6,5,83.0
6,6,79.0
6,7,75.0
6,8,71.0
6,10,67.0
6,11,58.0
6,12,54.0
6,13,50.0
7,0,96.0
7,2,65.0
7,3,60.0
7,5,119.0
7,6,96.0
7,7,59.0
7,8,55.0
7,11,118.0
7,12,130.0
7,13,119.0
8,0,91.0
8,2,87.0
8,3,119.0
8,4,83.0
8,5,111.0
8,6,72.0
8,7,67.0
8,8,91.0
8,9,66.0
8,10,59.0
9,0,104.0
9,2,124.0
9,3,81.0
9,4,73.0
9,5,63.0
9,6,110.0
9,7,101.0
9,8,135.0
9,9,120.0
9,10,73.0
10,0,94.0
10,2,68.0
10,3,64.0
10,4,60.0
10,5,56.0
10,6,115.0
10,7,90.0
10,8,150.0
10,9,171.0
11,0,90.0
11,2,146.0
11,3,121.0
11,4,163.0
11,5,120.0
11,6,99.0
11,7,81.0
11,8,63.0
11,9,48.0
11,10,148.0
12,0,91.0
12,2,43.0
12,3,40.0
12,4,37.0
12,5,33.0
12,6,29.0
12,7,25.0
12,8,105.0
12,9,89.0
12,10,138.0
12,11,162.0
12,12,150.0
13,0,90.0
13,3,66.0
13,5,60.0
13,6,55.0
13,7,112.0
13,8,114.0
13,9,141.0
13,10,150.0
14,0,104.0
14,3,114.0
14,5,131.0
14,7,109.0
14,8,89.0
14,9,78.0
14,11,82.0
15,0,104.0
15,3,62.0
15,5,127.0
15,6,146.0
15,7,151.0
15,8,149.0
15,9,61.0
15,10,51.0
16,0,93.0
16,2,123.0
16,3,129.0
16,4,58.0
16,5,59.0
16,6,48.0
16,7,117.0
16,9,94.0
16,10,117.0
16,11,64.0
16,13,107.0
17,0,101.0
17,2,87.0
17,3,83.0
17,4,79.0
17,5,75.0
17,6,70.0
17,7,66.0
17,8,62.0
17,9,58.0
18,0,93.0
18,2,46.0
18,3,41.0
18,4,37.0
18,5,137.0
18,6,98.0
18,7,155.0
18,8,158.0
18,9,150.0
18,10,88.0
18,12,78.0
19,0,99.0
19,2,94.0
19,3,99.0
19,4,116.0
19,5,79.0
19,6,74.0
19,7,119.0
19,9,92.0
19,11,70.0
20,0,105.0
20,2,64.0
20,3,60.0
20,4,57.0
20,5,54.0
20,6,126.0
20,7,136.0
20,8,182.0
20,9,198.0
21,0,91.0
21,2,71.0
21,3,66.0
21,4,58.0
21,5,115.0
21,6,144.0
21,7,145.0
22,0,99.0
22,2,89.0
22,3,86.0
22,4,82.0
22,5,78.0
22,6,74.0
22,7,70.0
22,8,65.0
22,9,61.0
23,0,95.0
23,2,92.0
23,3,90.0
23,4,87.0
23,5,84.0
23,6,80.0
23,7,68.0
23,8,65.0
23,9,61.0
24,0,91.0
24,2,45.0
24,3,42.0
24,4,38.0
24,5,35.0
24,6,32.0
24,7,29.0
24,8,84.0
24,9,120.0
24,10,141.0
24,11,164.0
25,0,107.0
25,2,105.0
25,3,98.0
25,4,185.0
25,5,198.0
25,7,48.0
25,9,38.0
25,11,30.0
25,13,21.0
26,0,93.0
26,2,125.0
26,3,88.0
26,4,87.0
26,5,108.0
26,6,66.0
26,7,59.0
26,8,50.0
26,9,106.0
26,10,100.0
27,0,104.0
27,2,137.0
27,3,143.0
27,4,109.0
27,5,144.0
27,6,71.0
27,7,63.0
27,8,120.0
27,9,109.0
27,10,82.0
27,12,66.0
27,13,128.0
28,0,105.0
28,2,120.0
28,3,146.0
28,4,114.0
28,5,117.0
28,6,136.0
28,7,66.0
28,8,63.0
28,9,52.0
28,10,121.0
28,11,95.0
29,0,95.0
29,2,76.0
29,3,71.0
29,4,62.0
29,5,92.0
29,6,89.0
29,7,100.0
29,8,125.0
30,0,106.0
30,2,95.0
30,3,91.0
30,4,88.0
30,5,84.0
30,6,78.0
30,7,75.0
30,8,71.0
30,10,60.0
31,0,100.0
31,2,65.0
31,3,61.0
31,4,58.0
31,5,54.0
31,6,50.0
31,7,46.0
31,8,41.0
31,9,129.0
31,10,116.0
31,11,147.0
31,12,198.0
32,0,98.0
32,2,95.0
32,3,117.0
32,4,114.0
32,5,108.0
32,6,65.0
32,7,56.0
32,8,129.0
33,0,97.0
33,2,52.0
33,3,51.0
33,4,47.0
33,5,43.0
33,6,121.0
33,9,151.0
33,10,136.0
34,0,92.0
34,3,89.0
34,4,96.0
34,5,89.0
34,6,59.0
34,7,54.0
34,8,102.0
34,9,68.0
34,10,64.0
34,11,59.0
34,13,97.0
35,0,94.0
35,2,82.0
35,3,78.0
35,4,74.0
35,5,71.0
35,6,67.0
35,7,63.0
35,8,59.0
35,9,56.0
35,10,52.0
35,11,45.0
36,0,105.0
36,2,95.0
36,3,90.0
36,4,86.0
36,5,82.0
36,6,78.0
36,7,75.0
36,8,71.0
36,9,67.0
37,0,92.0
37,2,54.0
37,4,52.0
37,6,49.0
37,8,40.0
37,9,114.0
37,10,113.0
37,11,181.0
37,12,184.0
37,13,158.0
38,0,91.0
38,2,63.0
38,4,55.0
38,6,43.0
38,8,92.0
38,9,131.0
38,10,144.0
38,11,127.0
39,0,106.0
39,2,92.0
39,3,88.0
39,4,82.0
39,5,78.0
39,6,73.0
39,7,70.0
39,8,65.0
39,9,61.0
40,0,94.0
40,2,99.0
40,3,107.0
40,5,60.0
40,6,127.0
40,7,129.0
40,8,125.0
40,10,68.0
40,11,61.0
41,0,109.0
41,2,94.0
41,3,89.0
41,4,84.0
41,5,80.0
41,6,75.0
41,7,70.0
41,8,66.0
42,0,102.0
42,2,132.0
42,3,143.0
42,4,94.0
42,5,114.0
42,6,140.0
42,7,70.0
42,8,66.0
42,9,59.0
42,10,114.0
42,11,141.0
43,0,97.0
43,2,127.0
43,3,127.0
43,4,104.0
43,5,77.0
43,6,72.0
43,7,126.0
43,8,124.0
43,9,123.0
43,10,67.0
43,12,54.0
43,13,132.0
44,0,93.0
44,3,77.0
44,4,58.0
44,5,105.0
44,6,104.0
44,7,117.0
44,8,63.0
44,9,59.0
44,10,52.0
44,11,95.0
44,12,137.0
45,0,92.0
45,2,30.0
45,3,28.0
45,4,26.0
45,5,24.0
45,6,32.0
45,7,110.0
45,8,114.0
45,9,159.0
46,0,101.0
46,2,136.0
46,3,77.0
46,4,67.0
46,5,137.0
46,6,97.0
46,7,78.0
46,8,70.0
46,10,123.0
46,11,130.0
47,0,108.0
47,2,93.0
47,3,88.0
47,4,83.0
47,5,73.0
47,6,76.0
47,7,71.0
47,8,67.0
47,9,63.0
47,10,58.0
48,0,96.0
48,2,66.0
48,3,58.0
48,4,51.0
48,5,111.0
48,6,99.0
48,7,118.0
48,8,120.0
48,10,59.0
48,11,116.0
49,0,104.0
49,2,42.0
49,3,38.0
49,4,34.0
49,5,30.0
49,6,26.0
49,7,21.0
49,8,108.0
49,9,110.0
49,10,138.0
49,11,139.0
50,0,93.0
50,4,67.0
50,6,136.0
50,7,130.0
50,8,128.0
50,9,70.0
50,11,106.0
50,12,106.0
51,0,106.0
51,2,56.0
51,3,52.0
51,4,48.0
51,5,43.0
51,6,97.0
51,7,106.0
51,8,173.0
51,9,174.0
52,0,93.0
52,2,105.0
52,3,87.0
52,4,93.0
52,5,105.0
52,6,97.0
52,8,74.0
52,10,64.0
52,11,87.0
53,0,109.0
53,2,65.0
53,3,60.0
53,4,55.0
53,5,51.0
53,6,46.0
53,7,137.0
53,8,135.0
53,9,165.0
54,0,98.0
54,2,110.0
54,3,97.0
54,4,128.0
54,5,98.0
54,6,113.0
54,7,98.0
54,8,67.0
54,9,61.0
55,0,93.0
55,2,44.0
55,3,41.0
55,4,38.0
55,5,34.0
55,6,31.0
55,7,127.0
56,0,110.0
56,2,94.0
56,3,89.0
56,4,84.0
56,5,80.0
56,6,76.0
56,7,72.0
56,8,68.0
56,9,63.0
57,0,102.0
57,2,121.0
57,3,64.0
57,4,57.0
57,5,50.0
57,6,146.0
57,7,107.0
57,8,105.0
57,9,102.0
57,10,138.0
58,0,93.0
58,2,45.0
58,3,41.0
58,4,37.0
58,5,33.0
58,6,120.0
58,7,91.0
58,8,132.0
58,9,158.0
59,0,95.0
59,2,113.0
59,3,92.0
59,4,91.0
59,5,76.0
59,6,72.0
59,7,115.0
59,8,133.0
59,9,68.0
59,10,60.0
59,11,55.0
59,12,132.0
60,0,90.0
60,2,80.0
60,3,77.0
60,4,73.0
60,5,70.0
60,6,66.0
60,9,54.0
61,0,91.0
61,2,82.0
61,3,78.0
61,4,73.0
61,5,71.0
61,6,67.0
61,7,64.0
62,0,109.0
62,2,97.0
62,3,93.0
62,4,89.0
62,5,84.0
62,6,79.0
62,7,76.0
62,8,71.0
62,9,65.0
62,10,62.0
63,0,93.0
63,2,82.0
63,3,77.0
63,5,70.0
63,6,66.0
63,7,63.0
63,8,59.0
63,9,56.0
63,10,52.0
64,0,108.0
64,2,69.0
64,3,63.0
64,4,53.0
64,5,102.0
64,6,100.0
64,7,103.0
64,8,103.0
64,9,103.0
64,10,78.0
65,0,101.0
65,2,81.0
65,3,77.0
65,4,140.0
65,5,102.0
65,7,172.0
65,8,146.0
65,9,60.0
65,10,56.0
65,11,51.0
65,13,43.0
66,0,105.0
66,2,98.0
66,3,91.0
66,5,84.0
66,6,79.0
66,7,71.0
66,8,68.0
66,9,64.0
66,10,59.0
66,11,54.0
66,13,48.0
67,0,90.0
67,2,65.0
67,3,60.0
67,4,143.0
67,5,114.0
67,6,148.0
67,7,178.0
68,0,95.0
68,4,77.0
68,5,74.0
68,6,71.0
68,7,71.0
68,8,63.0
68,9,59.0
69,0,90.0
69,2,73.0
69,3,64.0
69,4,56.0
69,5,112.0
69,6,130.0
69,7,142.0
69,8,141.0
69,9,93.0
69,10,98.0
70,0,103.0
70,2,107.0
70,3,141.0
70,4,115.0
70,5,75.0
70,6,67.0
70,7,138.0
70,8,137.0
71,0,109.0
71,2,68.0
71,3,63.0
71,4,58.0
71,5,53.0
71,6,49.0
71,7,137.0
71,8,99.0
71,9,194.0
71,10,196.0
72,0,96.0
72,2,100.0
72,3,117.0
72,4,134.0
72,5,65.0
72,7,93.0
72,8,64.0
72,10,50.0
72,12,98.0
72,13,108.0
73,0,106.0
73,2,131.0
73,3,83.0
73,4,76.0
73,5,70.0
73,6,137.0
73,7,140.0
73,8,128.0
74,0,98.0
74,2,115.0
74,3,70.0
74,4,62.0
74,5,102.0
74,6,102.0
74,7,127.0
75,0,92.0
75,2,82.0
75,3,78.0
75,4,112.0
75,5,149.0
75,6,194.0
75,7,141.0
76,0,110.0
76,2,78.0
76,3,72.0
76,4,69.0
76,5,65.0
76,6,61.0
76,7,144.0
76,8,134.0
76,9,186.0
76,10,199.0
77,0,97.0
77,3,65.0
77,4,60.0
77,5,57.0
77,7,100.0
77,8,129.0
77,9,139.0
77,10,146.0
77,11,139.0
78,0,110.0
78,3,102.0
78,5,141.0
78,6,75.0
78,7,65.0
78,9,145.0
78,11,82.0
79,0,102.0
79,2,105.0
79,3,86.0
79,4,76.0
79,5,70.0
79,6,124.0
79,7,81.0
79,8,71.0
79,9,132.0
80,0,106.0
80,2,53.0
80,3,48.0
80,4,45.0
80,5,41.0
80,6,37.0
80,7,112.0
80,8,97.0
80,9,133.0
81,0,105.0
81,2,133.0
81,3,71.0
81,4,61.0
81,5,56.0
81,7,114.0
81,8,134.0
81,9,66.0
81,10,57.0
81,11,130.0
82,0,97.0
82,4,67.0
82,5,60.0
82,6,108.0
82,7,78.0
82,8,73.0
82,9,64.0
82,10,108.0
83,0,101.0
83,2,94.0
83,3,99.0
83,4,105.0
83,5,78.0
83,6,72.0
83,9,79.0
84,0,102.0
84,2,122.0
84,3,73.0
84,4,66.0
84,7,124.0
84,8,126.0
84,10,69.0
84,13,107.0
85,0,94.0
85,2,67.0
85,3,63.0
85,5,56.0
85,6,53.0
85,7,48.0
85,8,108.0
85,9,132.0
85,10,154.0
85,11,183.0
86,0,91.0
86,2,56.0
86,3,51.0
86,4,47.0
86,5,43.0
86,6,87.0
86,7,117.0
86,8,132.0
86,9,157.0
87,0,90.0
87,2,91.0
87,3,109.0
87,4,120.0
87,5,102.0
87,6,68.0
87,7,61.0
87,8,56.0
87,9,124.0
87,10,109.0
87,11,120.0
87,12,66.0
88,0,100.0
88,2,78.0
88,3,70.0
88,4,92.0
88,5,110.0
88,6,106.0
88,7,123.0
89,0,92.0
89,2,41.0
89,3,38.0
89,4,93.0
89,5,121.0
89,6,165.0
89,7,176.0
90,0,101.0
90,2,107.0
90,3,111.0
90,4,129.0
90,5,126.0
90,6,74.0
90,7,64.0
90,8,138.0
91,0,93.0
91,2,120.0
91,3,95.0
91,4,76.0
91,6,62.0
91,7,105.0
91,8,134.0
91,9,67.0
91,12,98.0
91,13,128.0
92,0,105.0
92,2,107.0
92,3,125.0
92,4,147.0
92,5,100.0
92,6,73.0
92,7,68.0
92,8,60.0
92,9,145.0
92,10,121.0
93,0,92.0
93,2,82.0
93,3,78.0
93,4,74.0
93,5,71.0
93,6,67.0
93,7,64.0
93,8,59.0
93,9,56.0
93,10,53.0
93,11,49.0
94,0,95.0
94,4,74.0
94,5,70.0
94,6,65.0
94,7,61.0
94,8,121.0
94,9,178.0
95,0,96.0
95,2,108.0
95,3,65.0
95,4,60.0
95,5,97.0
95,6,86.0
95,7,57.0
95,9,40.0
95,10,99.0
95,11,114.0
96,0,90.0
96,2,141.0
96,3,101.0
96,4,141.0
96,5,102.0
96,6,138.0
96,7,72.0
97,0,104.0
97,2,90.0
97,4,81.0
97,5,78.0
97,7,69.0
97,8,64.0
97,9,60.0
98,0,103.0
98,2,42.0
98,3,38.0
98,4,34.0
98,5,30.0
98,6,26.0
98,7,108.0
98,8,94.0
98,9,148.0
98,10,164.0
99,0,103.0
99,2,89.0
99,3,84.0
99,4,79.0
99,5,76.0
99,6,71.0
99,7,67.0
99,8,64.0
99,9,60.0
100,0,99.0
100,2,89.0
100,3,82.0
100,4,77.0
100,5,74.0
100,7,68.0
100,8,65.0
100,9,61.0
101,0,95.0
101,2,123.0
101,3,95.0
101,4,94.0
101,5,129.0
101,6,106.0
101,7,104.0
101,8,64.0
101,9,56.0
101,10,113.0
101,11,62.0
101,13,52.0
102,0,108.0
102,2,78.0
102,3,75.0
102,4,70.0
102,5,66.0
102,7,59.0
102,8,116.0
102,9,122.0
102,10,173.0
102,11,181.0
103,0,104.0
103,3,74.0
103,4,62.0
103,5,53.0
103,7,106.0
103,8,128.0
103,9,96.0
103,10,126.0
103,11,128.0
104,0,92.0
104,2,46.0
104,3,42.0
104,4,38.0
104,5,34.0
104,6,30.0
104,7,28.0
104,8,129.0
104,9,118.0
104,10,145.0
104,11,171.0
105,0,92.0
105,3,115.0
105,4,116.0
105,5,99.0
105,6,60.0
105,7,56.0
105,8,111.0
105,9,99.0
106,0,107.0
106,2,48.0
106,3,44.0
106,4,134.0
106,5,101.0
106,6,172.0
106,7,196.0
106,11,51.0
106,12,47.0
106,13,42.0
107,0,98.0
107,2,87.0
107,3,83.0
107,4,79.0
107,5,76.0
107,6,72.0
107,7,67.0
107,8,64.0
108,0,90.0
108,2,124.0
108,3,97.0
108,4,109.0
108,5,94.0
108,6,68.0
108,7,63.0
108,8,54.0
108,9,88.0
108,10,70.0
108,11,61.0
108,12,115.0
109,0,100.0
109,2,78.0
109,3,73.0
109,4,68.0
109,5,65.0
109,6,60.0
109,7,56.0
109,8,116.0
109,9,75.0
109,10,102.0
109,11,111.0
109,12,51.0
110,0,95.0
110,2,141.0
110,3,101.0
110,4,70.0
110,5,62.0
110,6,57.0
110,7,143.0
110,8,107.0
111,0,105.0
111,2,76.0
111,3,72.0
111,4,67.0
111,5,62.0
111,6,141.0
111,7,144.0
111,8,161.0
111,9,182.0
111,10,164.0
112,0,99.0
112,3,66.0
112,4,92.0
112,5,74.0
112,7,58.0
112,8,116.0
112,10,126.0
112,12,98.0
112,13,135.0
113,0,90.0
113,2,78.0
113,3,76.0
113,4,72.0
113,5,68.0
113,6,64.0
113,7,60.0
113,8,56.0
113,9,52.0
114,0,91.0
114,4,73.0
114,5,70.0
114,7,61.0
114,8,58.0
114,9,55.0
114,13,38.0
115,0,108.0
115,2,140.0
115,4,101.0
115,5,144.0
115,6,106.0
115,7,82.0
115,8,76.0
115,9,71.0
115,10,104.0
115,11,113.0
115,12,80.0
116,0,92.0
116,2,65.0
116,3,60.0
116,4,57.0
116,5,53.0
116,6,50.0
116,7,45.0
116,8,104.0
116,9,106.0
116,10,150.0
116,11,159.0
116,12,158.0
117,0,106.0
117,3,65.0
117,4,56.0
117,5,106.0
117,7,123.0
117,9,74.0
117,10,99.0
117,11,135.0
118,0,99.0
118,2,72.0
118,3,68.0
118,4,64.0
118,5,61.0
118,6,57.0
118,7,120.0
118,8,102.0
118,9,151.0
118,10,197.0
119,0,93.0
119,2,123.0
119,3,129.0
119,4,108.0
119,5,93.0
119,6,130.0
119,7,111.0
120,0,92.0
120,2,129.0
120,3,123.0
120,4,109.0
120,5,119.0
120,8,55.0
120,9,48.0
120,10,83.0
120,11,72.0
121,0,97.0
121,2,61.0
121,3,57.0
121,4,54.0
121,5,51.0
121,7,121.0
121,8,171.0
121,9,177.0
121,10,143.0
122,0,106.0
122,2,76.0
122,4,56.0
122,5,96.0
122,6,135.0
122,7,123.0
122,8,141.0
123,0,97.0
123,2,127.0
123,3,90.0
123,4,119.0
123,5,122.0
123,6,79.0
123,7,68.0
123,8,63.0
123,9,108.0
123,10,95.0
124,0,99.0
124,2,62.0
124,3,57.0
124,4,53.0
124,5,50.0
124,7,117.0
124,8,111.0
124,9,168.0
124,10,176.0
125,0,102.0
125,2,89.0
125,3,85.0
125,4,81.0
125,5,76.0
125,6,72.0
125,7,67.0
125,8,62.0
125,9,58.0
126,0,105.0
126,4,42.0
126,5,38.0
126,6,34.0
126,7,30.0
126,8,145.0
126,9,119.0
127,0,100.0
127,2,54.0
127,3,51.0
127,4,46.0
127,5,117.0
127,6,139.0
127,7,154.0
127,8,177.0
127,9,169.0
127,10,72.0
127,11,67.0
127,13,58.0
128,0,97.0
128,3,90.0
128,4,65.0
128,6,54.0
128,7,111.0
128,8,122.0
128,9,90.0
128,10,112.0
128,11,97.0
129,0,99.0
129,2,128.0
129,3,113.0
129,4,92.0
129,5,139.0
129,6,116.0
129,7,127.0
129,8,66.0
130,0,97.0
130,2,67.0
130,3,62.0
130,4,58.0
130,5,116.0
130,7,167.0
130,8,170.0
131,0,90.0
131,2,115.0
131,3,93.0
131,4,64.0
131,6,110.0
131,7,118.0
131,8,63.0
131,9,58.0
131,10,91.0
132,0,100.0
132,2,72.0
132,3,69.0
132,4,64.0
132,5,59.0
132,6,101.0
132,8,146.0
132,9,161.0
133,0,94.0
133,2,72.0
133,3,69.0
133,4,66.0
133,5,67.0
133,6,90.0
133,8,160.0
133,9,172.0
133,10,168.0
133,11,72.0
134,0,100.0
134,2,90.0
134,3,86.0
134,4,135.0
134,5,106.0
134,6,145.0
134,8,146.0
135,0,92.0
135,2,81.0
135,3,77.0
135,4,73.0
135,5,70.0
135,6,67.0
135,7,62.0
135,8,58.0
135,9,55.0
135,10,51.0
136,0,96.0
136,2,79.0
136,3,75.0
136,4,108.0
136,5,111.0
136,6,167.0
136,7,175.0
136,8,162.0
136,9,84.0
136,11,75.0
136,12,72.0
137,0,97.0
137,2,112.0
137,3,109.0
137,6,144.0
137,7,49.0
137,8,44.0
137,9,43.0
137,10,40.0
137,11,36.0
137,12,32.0
137,13,28.0
138,0,98.0
138,2,111.0
138,3,100.0
138,4,99.0
138,5,75.0
138,6,67.0
138,7,59.0
138,8,108.0
138,9,116.0
138,10,112.0
139,0,105.0
139,2,88.0
139,3,83.0
139,4,79.0
139,5,75.0
139,6,70.0
139,7,100.0
139,8,136.0
139,9,152.0
140,0,102.0
140,2,130.0
140,3,116.0
140,4,95.0
140,5,109.0
140,6,135.0
140,7,96.0
140,8,64.0
140,9,56.0
140,10,45.0
141,0,98.0
141,2,85.0
141,3,81.0
141,4,78.0
141,5,75.0
141,6,70.0
141,7,115.0
141,8,111.0
141,9,140.0
141,10,163.0
142,0,90.0
142,2,67.0
142,3,62.0
142,4,105.0
142,5,117.0
142,6,127.0
142,7,138.0
142,8,141.0
142,9,116.0
143,0,96.0
143,2,60.0
143,3,55.0
143,4,112.0
143,5,114.0
143,6,97.0
143,7,123.0
143,8,95.0
143,9,86.0
143,11,68.0
143,12,60.0
144,0,91.0
144,2,99.0
144,3,116.0
144,4,142.0
144,5,154.0
144,6,157.0
144,7,154.0
144,8,91.0
144,9,87.0
144,10,83.0
144,11,79.0
144,12,74.0
145,0,91.0
145,3,121.0
145,4,172.0
145,5,187.0
145,6,165.0
145,7,54.0
145,11,45.0
146,0,94.0
146,2,100.0
146,3,87.0
146,4,96.0
146,10,63.0
146,11,59.0
146,12,113.0
146,13,124.0
147,0,97.0
147,2,122.0
147,3,105.0
147,4,131.0
147,5,75.0
147,6,71.0
147,7,67.0
147,9,121.0
147,11,117.0
148,0,99.0
148,2,45.0
148,3,41.0
148,4,38.0
148,5,33.0
148,8,20.0
148,9,95.0
148,10,97.0
148,11,142.0
148,12,175.0
149,0,97.0
149,2,85.0
149,3,81.0
149,4,78.0
149,5,74.0
149,6,70.0
149,7,65.0
150,0,98.0
150,3,87.0
150,4,129.0
150,5,74.0
150,6,70.0
150,7,93.0
150,9,96.0
151,0,97.0
151,2,89.0
151,3,91.0
151,4,117.0
151,5,103.0
151,6,118.0
151,7,109.0
152,0,96.0
152,2,73.0
152,3,69.0
152,5,61.0
152,6,57.0
152,7,38.0
152,8,34.0
152,9,140.0
152,10,102.0
152,11,63.0
153,0,91.0
153,2,56.0
153,3,52.0
153,4,49.0
153,5,42.0
153,6,42.0
153,7,39.0
153,8,35.0
153,9,96.0
153,10,122.0
153,11,144.0
153,12,174.0
154,0,91.0
154,2,98.0
154,3,91.0
154,4,135.0
154,5,127.0
154,6,96.0
154,7,136.0
154,8,61.0
154,9,52.0
155,0,104.0
155,2,81.0
155,3,77.0
155,4,105.0
155,5,124.0
155,6,134.0
155,7,140.0
155,8,134.0
155,10,39.0
156,0,92.0
156,2,105.0
156,3,71.0
156,4,67.0
156,5,121.0
156,6,127.0
156,7,98.0
156,8,97.0
156,9,82.0
156,10,66.0
156,11,62.0
157,0,99.0
157,2,94.0
157,3,117.0
157,4,70.0
157,5,62.0
157,6,57.0
157,7,128.0
157,8,139.0
157,11,61.0
158,0,101.0
158,2,138.0
158,3,113.0
158,4,133.0
158,5,138.0
158,7,62.0
158,9,136.0
158,10,129.0
159,0,92.0
159,2,95.0
159,3,89.0
159,6,55.0
159,7,115.0
159,8,90.0
159,9,125.0
159,10,123.0
159,11,63.0
160,0,92.0
160,2,68.0
160,3,62.0
160,4,54.0
160,5,95.0
160,6,101.0
160,9,60.0
160,10,54.0
160,11,112.0
160,13,111.0
161,0,101.0
161,2,71.0
161,3,123.0
161,4,144.0
161,5,149.0
161,6,156.0
161,7,200.0
162,0,107.0
162,4,72.0
162,6,62.0
162,7,117.0
162,8,97.0
162,9,153.0
162,11,154.0
163,0,96.0
163,3,82.0
163,4,79.0
163,5,76.0
163,6,72.0
163,8,64.0
163,9,59.0
164,0,109.0
164,2,129.0
164,3,128.0
164,4,113.0
164,5,149.0
164,6,72.0
164,7,64.0
164,9,113.0
164,10,128.0
165,0,95.0
165,8,61.0
165,9,57.0
165,10,53.0
165,11,49.0
165,12,45.0
165,13,41.0
166,0,106.0
166,2,54.0
166,3,51.0
166,4,112.0
166,5,130.0
166,6,172.0
166,7,178.0
166,8,167.0
166,9,88.0
167,0,94.0
167,2,114.0
167,3,86.0
167,4,145.0
167,5,170.0
167,6,153.0
167,8,77.0
167,9,73.0
167,10,70.0
167,11,66.0
167,12,62.0
168,0,102.0
168,2,90.0
168,3,86.0
168,4,82.0
168,5,78.0
168,6,73.0
168,7,69.0
168,8,65.0
168,9,60.0
168,10,56.0
169,0,92.0
169,2,141.0
169,3,95.0
169,4,79.0
169,5,75.0
169,6,63.0
169,7,138.0
169,8,105.0
169,9,98.0
169,10,134.0
169,11,137.0
170,0,107.0
170,2,100.0
170,3,106.0
170,4,128.0
170,5,109.0
170,6,134.0
170,8,58.0
170,9,53.0
170,10,138.0
170,11,66.0
171,0,91.0
171,2,65.0
171,3,61.0
171,4,57.0
171,5,53.0
171,8,111.0
171,9,117.0
172,0,91.0
172,2,76.0
172,3,72.0
172,4,67.0
172,5,91.0
172,6,102.0
172,7,169.0
172,8,181.0
173,0,103.0
173,2,139.0
173,4,76.0
173,5,69.0
173,6,98.0
173,8,60.0
173,9,50.0
173,10,123.0
173,11,140.0
173,12,94.0
174,0,91.0
174,2,81.0
174,4,77.0
174,5,71.0
174,6,67.0
174,7,62.0
174,8,59.0
174,9,124.0
174,10,170.0
175,0,104.0
175,2,89.0
175,3,85.0
175,4,81.0
175,5,76.0
175,6,71.0
175,7,68.0
175,8,63.0
175,9,97.0
175,10,96.0
175,11,161.0
175,12,182.0
176,0,96.0
176,2,88.0
176,3,115.0
176,4,126.0
176,5,87.0
176,6,64.0
176,7,60.0
176,8,54.0
176,9,130.0
176,11,53.0
176,13,123.0
177,0,90.0
177,2,81.0
177,3,78.0
177,4,74.0
177,5,71.0
177,6,66.0
177,7,64.0
177,8,61.0
177,9,57.0
177,10,54.0
177,11,50.0
178,0,91.0
178,2,102.0
178,4,105.0
178,6,104.0
178,7,71.0
178,8,63.0
178,9,102.0
178,10,54.0
178,11,50.0
179,0,90.0
179,2,107.0
179,3,100.0
179,4,87.0
179,5,69.0
179,6,67.0
179,7,57.0
180,0,98.0
180,3,97.0
180,5,54.0
180,7,117.0
180,8,100.0
180,9,78.0
180,10,69.0
180,11,114.0
180,12,129.0
180,13,96.0
181,0,93.0
181,2,80.0
181,3,77.0
181,5,69.0
181,6,66.0
181,7,62.0
181,8,59.0
182,0,90.0
182,2,110.0
182,3,130.0
182,4,136.0
182,5,63.0
182,6,57.0
182,7,49.0
182,8,129.0
182,9,103.0
183,0,101.0
183,3,139.0
183,4,121.0
183,5,137.0
183,7,69.0
183,8,98.0
183,9,132.0
183,10,105.0
184,0,90.0
184,2,129.0
184,3,102.0
184,4,140.0
184,5,114.0
184,9,58.0
184,10,109.0
185,0,90.0
185,2,73.0
185,3,69.0
185,4,64.0
185,5,60.0
185,8,105.0
185,9,128.0
185,10,134.0
186,0,106.0
186,3,87.0
186,4,82.0
186,6,74.0
186,7,70.0
186,8,66.0
186,9,61.0
186,10,58.0
187,0,101.0
187,2,66.0
187,3,61.0
187,4,137.0
187,5,73.0
187,6,68.0
187,7,60.0
187,8,115.0
187,9,100.0
188,0,101.0
188,2,61.0
188,3,58.0
188,4,54.0
188,5,50.0
188,6,45.0
188,7,41.0
188,8,121.0
188,9,103.0
188,10,153.0
188,11,163.0
189,0,93.0
189,2,63.0
189,3,60.0
189,4,55.0
189,5,51.0
189,6,47.0
189,7,43.0
189,8,127.0
189,9,92.0
189,10,161.0
190,0,90.0
190,2,76.0
190,3,108.0
190,4,141.0
190,5,102.0
190,6,168.0
190,7,65.0
191,0,109.0
191,2,66.0
191,3,62.0
191,4,58.0
191,5,54.0
191,6,50.0
191,7,142.0
191,8,130.0
191,9,172.0
192,0,92.0
192,2,81.0
192,3,77.0
192,4,73.0
192,5,69.0
192,6,66.0
192,7,61.0
192,8,58.0
192,9,55.0
193,0,90.0
193,2,84.0
193,3,79.0
193,4,75.0
193,5,71.0
193,6,66.0
193,7,62.0
194,0,108.0
194,2,98.0
194,3,93.0
194,4,90.0
194,5,86.0
194,6,82.0
194,7,78.0
194,8,107.0
194,9,117.0
194,10,162.0
195,0,100.0
195,2,81.0
195,3,78.0
195,4,74.0
195,5,94.0
195,6,140.0
195,7,163.0
195,8,177.0
196,0,93.0
196,2,84.0
196,3,100.0
196,4,100.0
196,5,158.0
196,6,154.0
196,7,152.0
197,0,92.0
197,2,128.0
197,3,121.0
197,5,74.0
197,6,69.0
197,7,93.0
197,8,108.0
197,10,113.0
197,12,61.0
198,0,107.0
198,3,89.0
198,4,85.0
198,6,77.0
198,7,74.0
198,8,70.0
198,11,58.0
199,0,104.0
199,4,124.0
199,5,136.0
199,8,48.0
199,9,129.0
199,10,78.0
199,11,73.0
199,12,138.0
199,13,144.0
200,0,95.0
200,2,72.0
200,3,69.0
200,5,59.0
200,7,51.0
200,9,117.0
200,11,173.0
200,13,85.0
201,0,96.0
201,2,58.0
201,3,78.0
201,4,88.0
201,5,114.0
201,6,142.0
201,7,186.0
202,0,96.0
202,2,127.0
202,3,109.0
202,4,114.0
202,5,125.0
202,6,111.0
202,8,60.0
202,9,96.0
202,10,104.0
203,0,98.0
203,8,68.0
203,9,57.0
203,10,125.0
203,11,65.0
203,12,60.0
203,13,137.0
204,0,93.0
204,2,83.0
204,3,79.0
204,4,75.0
204,5,71.0
204,7,64.0
204,8,60.0
204,9,57.0
205,0,100.0
205,2,89.0
205,3,80.0
205,4,150.0
205,5,117.0
205,6,177.0
205,7,187.0
205,8,160.0
205,9,97.0
205,11,88.0
206,0,104.0
206,2,58.0
206,3,54.0
206,4,127.0
206,5,97.0
206,6,184.0
206,7,197.0
206,8,173.0
206,10,70.0
206,11,66.0
207,0,96.0
207,4,97.0
207,5,115.0
207,6,66.0
207,7,60.0
207,8,52.0
207,9,117.0
207,10,120.0
207,11,124.0
208,0,105.0
208,2,143.0
208,3,113.0
208,4,112.0
208,5,120.0
208,6,81.0
208,7,73.0
208,8,117.0
208,9,110.0
208,10,124.0
209,0,90.0
209,2,78.0
209,3,76.0
209,4,72.0
209,5,68.0
209,6,64.0
209,7,60.0
209,8,54.0
209,9,52.0
209,10,50.0
209,11,46.0
210,0,100.0
210,2,64.0
210,3,55.0
210,4,117.0
210,5,135.0
210,6,69.0
210,8,55.0
211,0,96.0
211,2,112.0
211,4,111.0
211,5,128.0
211,6,107.0
211,7,88.0
211,8,73.0
211,9,66.0
211,10,58.0
211,11,116.0
211,12,74.0
211,13,68.0
212,0,106.0
212,2,105.0
212,3,113.0
212,4,132.0
212,5,82.0
212,6,73.0
212,7,65.0
212,8,103.0
213,0,102.0
213,2,119.0
213,3,94.0
213,4,110.0
213,6,70.0
213,7,65.0
213,8,141.0
213,9,67.0
213,11,52.0
213,13,100.0
214,0,98.0
214,2,113.0
214,3,89.0
214,4,108.0
214,5,92.0
214,6,83.0
214,7,62.0
214,8,53.0
214,9,135.0
215,0,106.0
215,2,57.0
215,3,54.0
215,4,50.0
215,5,45.0
215,6,115.0
215,7,126.0
215,8,148.0
215,9,158.0
216,0,96.0
216,2,122.0
216,3,88.0
216,4,109.0
216,5,59.0
216,6,52.0
216,7,90.0
216,8,115.0
216,9,132.0
217,0,92.0
217,3,93.0
217,4,63.0
217,5,56.0
217,6,49.0
217,7,123.0
217,9,61.0
217,10,102.0
217,11,87.0
217,12,114.0
218,0,93.0
218,2,104.0
218,3,62.0
218,5,93.0
218,6,88.0
218,7,70.0
218,8,61.0
218,9,56.0
218,10,117.0
219,0,92.0
219,2,43.0
219,3,39.0
219,4,35.0
219,5,118.0
219,6,106.0
219,7,171.0
219,8,182.0
220,0,100.0
220,2,87.0
220,3,82.0
220,4,78.0
220,5,74.0
220,6,71.0
220,7,67.0
220,8,63.0
221,0,98.0
221,2,62.0
221,3,59.0
221,4,55.0
221,5,51.0
221,6,47.0
221,8,119.0
221,9,167.0
221,10,181.0
222,0,95.0
222,2,82.0
222,3,77.0
222,4,73.0
222,5,69.0
222,6,63.0
222,7,62.0
223,0,98.0
223,2,86.0
223,3,82.0
223,4,79.0
223,5,76.0
223,6,72.0
223,7,69.0
223,8,65.0
223,9,62.0
223,12,52.0
224,0,104.0
224,2,79.0
224,3,120.0
224,4,133.0
224,5,146.0
224,6,158.0
224,7,150.0
224,8,76.0
225,0,94.0
225,2,81.0
225,3,83.0
225,5,73.0
225,6,70.0
225,8,62.0
225,9,57.0
226,0,92.0
226,2,82.0
226,3,79.0
226,4,78.0
226,5,71.0
226,6,67.0
226,7,63.0
226,8,59.0
226,9,108.0
226,10,152.0
226,11,189.0
226,12,182.0
227,0,98.0
227,2,51.0
227,3,47.0
227,4,43.0
227,5,39.0
227,7,31.0
227,8,28.0
227,9,132.0
227,10,132.0
227,11,139.0
227,12,144.0
227,13,141.0
228,0,102.0
228,2,111.0
228,3,135.0
228,4,117.0
228,5,79.0
228,6,69.0
228,7,105.0
228,8,132.0
229,0,110.0
229,2,106.0
229,3,107.0
229,4,71.0
229,5,64.0
229,6,53.0
229,7,130.0
229,8,111.0
229,9,136.0
229,10,129.0
230,0,91.0
230,2,96.0
230,3,91.0
230,6,79.0
230,7,74.0
230,8,70.0
230,9,66.0
231,0,101.0
231,2,87.0
231,3,84.0
231,4,80.0
231,5,76.0
231,6,108.0
231,7,112.0
231,8,144.0
231,9,161.0
232,0,100.0
232,2,88.0
232,3,85.0
232,4,80.0
232,5,76.0
232,6,72.0
232,7,68.0
232,8,65.0
232,9,60.0
233,0,101.0
233,2,86.0
233,3,81.0
233,4,77.0
233,5,74.0
233,6,69.0
233,7,65.0
233,8,61.0
233,9,57.0
234,0,96.0
234,2,99.0
234,3,129.0
234,4,74.0
234,5,68.0
234,6,71.0
234,8,61.0
234,9,56.0
235,0,95.0
235,7,179.0
235,8,148.0
235,9,73.0
235,10,69.0
235,11,65.0
235,12,60.0
235,13,59.0
236,0,101.0
236,2,98.0
236,3,92.0
236,4,108.0
236,5,140.0
236,6,68.0
236,7,61.0
236,8,52.0
236,9,136.0
236,11,72.0
237,0,101.0
237,2,93.0
237,3,124.0
237,4,93.0
237,5,133.0
237,6,56.0
237,8,47.0
238,0,97.0
238,2,86.0
238,3,82.0
238,4,77.0
238,5,74.0
238,6,71.0
238,8,65.0
238,10,55.0
239,0,100.0
239,2,45.0
239,3,40.0
239,4,35.0
239,5,31.0
239,6,133.0
239,7,122.0
239,8,144.0
239,9,175.0
239,10,161.0
240,0,95.0
240,2,117.0
240,3,129.0
240,4,87.0
240,5,131.0
240,6,86.0
240,8,63.0
240,9,48.0
240,10,127.0
240,12,67.0
240,13,106.0
241,0,110.0
241,2,113.0
241,3,133.0
241,4,145.0
241,5,121.0
241,6,152.0
241,7,119.0
241,9,75.0
241,10,124.0
242,0,92.0
242,2,121.0
242,3,90.0
242,4,72.0
242,5,64.0
242,6,60.0
242,7,103.0
242,8,122.0
243,0,97.0
243,2,68.0
243,3,64.0
243,4,124.0
243,5,105.0
243,6,176.0
243,7,179.0
244,0,104.0
244,2,65.0
244,3,61.0
244,4,58.0
244,5,55.0
244,8,140.0
244,9,176.0
245,0,100.0
245,2,135.0
245,3,128.0
245,4,117.0
245,5,108.0
245,6,140.0
245,7,73.0
246,0,94.0
246,3,60.0
246,5,52.0
246,6,132.0
246,7,118.0
246,8,178.0
246,9,191.0
247,0,92.0
247,2,67.0
247,3,59.0
247,4,101.0
247,5,86.0
247,6,85.0
247,7,58.0
247,8,54.0
247,9,46.0
247,10,107.0
247,11,104.0
248,0,100.0
248,2,70.0
248,3,64.0
248,4,127.0
248,5,74.0
248,6,69.0
248,7,60.0
248,8,92.0
248,9,140.0
249,0,93.0
249,2,103.0
249,3,122.0
249,4,64.0
249,5,88.0
249,6,125.0
249,8,113.0
249,9,126.0
250,0,100.0
250,2,76.0
250,3,72.0
250,4,69.0
250,6,139.0
250,7,112.0
250,9,141.0
251,0,108.0
251,2,104.0
251,3,83.0
251,4,75.0
251,5,70.0
251,6,126.0
251,7,145.0
252,0,104.0
252,2,139.0
252,3,125.0
252,4,115.0
252,5,66.0
252,6,59.0
252,7,141.0
253,0,92.0
253,2,83.0
253,3,79.0
253,4,76.0
253,5,73.0
253,6,89.0
253,7,142.0
254,0,96.0
254,2,123.0
254,4,133.0
254,6,75.0
254,7,70.0
254,8,61.0
254,9,129.0
254,10,121.0
254,12,57.0
254,13,128.0
255,0,94.0
255,2,84.0
255,3,79.0
255,4,75.0
255,5,72.0
255,6,68.0
255,7,64.0
255,8,60.0
255,9,57.0
256,0,104.0
256,2,136.0
256,3,111.0
256,4,114.0
256,5,134.0
256,6,66.0
256,7,57.0
256,8,121.0
256,9,118.0
256,10,64.0
256,11,56.0
257,0,108.0
257,2,97.0
257,3,93.0
257,4,88.0
257,5,84.0
257,6,80.0
257,7,76.0
257,8,72.0
257,9,67.0
258,0,95.0
258,2,54.0
258,3,50.0
258,4,47.0
258,5,116.0
258,6,124.0
258,8,198.0
258,10,87.0
259,0,99.0
259,2,103.0
259,3,117.0
259,4,140.0
259,5,142.0
259,6,139.0
259,7,73.0
259,8,69.0
260,0,98.0
260,2,86.0
260,3,83.0
260,4,78.0
260,5,75.0
260,6,71.0
260,7,68.0
260,8,65.0
260,9,60.0
261,0,96.0
261,2,122.0
261,3,109.0
261,4,92.0
261,5,113.0
261,6,134.0
261,8,75.0
261,9,65.0
262,0,102.0
262,2,118.0
262,3,141.0
262,4,127.0
262,5,94.0
262,6,118.0
262,7,69.0
262,8,59.0
262,11,97.0
263,0,90.0
263,2,139.0
263,3,98.0
263,4,111.0
263,5,69.0
263,6,61.0
263,7,56.0
263,8,97.0
263,9,121.0
263,10,74.0
263,11,69.0
264,0,103.0
264,2,109.0
264,3,98.0
264,4,168.0
264,5,198.0
264,6,179.0
264,7,67.0
265,0,109.0
265,2,98.0
265,3,94.0
265,4,91.0
265,5,87.0
265,6,83.0
265,7,78.0
266,0,94.0
266,2,81.0
266,3,78.0
266,4,73.0
266,5,69.0
266,6,66.0
266,7,62.0
267,0,91.0
267,2,79.0
267,4,71.0
267,5,67.0
267,6,64.0
267,7,62.0
267,9,53.0
268,0,100.0
268,2,86.0
268,3,82.0
268,4,79.0
268,5,74.0
268,6,71.0
268,7,134.0
268,8,120.0
268,9,141.0
268,10,142.0
269,0,97.0
269,2,58.0
269,3,55.0
269,5,92.0
269,6,130.0
269,7,158.0
269,9,162.0
270,0,90.0
270,2,83.0
270,3,79.0
270,4,74.0
270,5,71.0
270,6,67.0
270,7,63.0
270,8,59.0
270,9,55.0
271,0,90.0
271,2,83.0
271,3,126.0
271,4,72.0
271,5,66.0
271,6,60.0
271,7,106.0
271,8,102.0
271,13,63.0
272,0,96.0
272,2,127.0
272,3,68.0
272,4,63.0
272,5,143.0
272,6,104.0
272,7,72.0
272,8,62.0
272,10,124.0
272,11,94.0
272,12,120.0
272,13,123.0
273,0,103.0
273,2,72.0
273,3,72.0
273,4,101.0
273,5,100.0
273,6,100.0
273,7,137.0
273,8,130.0
273,9,80.0
273,10,75.0
273,11,75.0
273,13,108.0
274,0,95.0
274,2,117.0
274,3,95.0
274,4,103.0
274,5,110.0
274,6,99.0
274,7,70.0
274,8,62.0
274,9,116.0
274,10,89.0
275,0,91.0
275,3,82.0
275,5,74.0
275,6,70.0
275,7,67.0
275,8,63.0
275,10,54.0
275,11,51.0
275,13,44.0
276,0,93.0
276,2,75.0
276,3,71.0
276,4,67.0
276,5,64.0
276,6,95.0
276,8,130.0
276,9,156.0
277,0,96.0
277,2,68.0
277,3,65.0
277,4,60.0
277,5,55.0
277,6,47.0
277,7,47.0
277,8,43.0
278,0,95.0
278,2,82.0
278,3,79.0
278,4,76.0
278,5,73.0
278,6,70.0
278,7,67.0
278,8,62.0
278,9,59.0
279,0,96.0
279,2,126.0
279,3,88.0
279,4,59.0
279,5,53.0
279,6,133.0
279,7,109.0
279,8,124.0
280,0,91.0
280,2,80.0
280,3,77.0
280,5,70.0
280,7,63.0
280,8,58.0
280,9,55.0
281,0,98.0
281,2,79.0
281,3,74.0
281,4,71.0
281,5,67.0
281,7,125.0
281,8,136.0
281,9,138.0
281,10,143.0
281,11,140.0
282,0,97.0
282,2,116.0
282,3,129.0
282,4,119.0
282,5,95.0
282,6,75.0
282,7,70.0
282,9,70.0
282,11,50.0
282,12,105.0
282,13,134.0
283,0,93.0
283,2,94.0
283,3,90.0
283,4,85.0
283,5,81.0
283,6,77.0
283,7,72.0
283,10,54.0
283,11,55.0
284,0,90.0
284,2,78.0
284,3,75.0
284,4,71.0
284,5,68.0
284,6,65.0
284,7,62.0
284,8,57.0
284,9,54.0
284,10,50.0
284,12,42.0
284,13,39.0
285,0,104.0
285,3,104.0
285,4,145.0
285,5,66.0
285,6,55.0
285,7,53.0
285,8,134.0
285,9,96.0
285,11,67.0
285,12,101.0
286,0,109.0
286,2,91.0
286,3,89.0
286,4,85.0
286,5,83.0
286,6,78.0
286,7,103.0
286,8,193.0
287,0,108.0
287,2,108.0
287,3,104.0
287,4,117.0
287,6,136.0
287,8,70.0
287,10,55.0
287,11,130.0
288,0,105.0
288,2,91.0
288,3,87.0
288,4,83.0
288,5,73.0
288,6,75.0
288,7,72.0
288,8,68.0
288,9,64.0
289,0,102.0
289,2,120.0
289,3,119.0
289,4,136.0
289,5,102.0
289,7,104.0
289,8,79.0
289,9,71.0
289,10,105.0
289,11,68.0
290,0,104.0
290,2,91.0
290,3,86.0
290,4,81.0
290,5,76.0
290,6,74.0
290,7,70.0
290,8,66.0
290,9,61.0
291,0,95.0
291,2,64.0
291,4,62.0
291,5,58.0
291,6,54.0
291,7,51.0
291,8,47.0
291,10,102.0
291,11,143.0
291,12,168.0
292,0,94.0
292,2,68.0
292,3,58.0
292,4,55.0
292,5,92.0
292,6,90.0
292,7,149.0
292,8,169.0
292,9,154.0
292,10,43.0
292,11,40.0
293,0,108.0
293,2,134.0
293,3,71.0
293,4,63.0
293,5,146.0
293,6,103.0
293,7,135.0
293,8,124.0
293,9,138.0
293,10,106.0
293,11,84.0
294,0,98.0
294,2,121.0
294,3,108.0
294,4,134.0
294,5,91.0
294,6,68.0
294,7,60.0
294,8,52.0
294,9,120.0
295,0,93.0
295,2,129.0
295,3,109.0
295,4,124.0
295,6,118.0
295,8,70.0
295,9,99.0
296,0,105.0
296,3,102.0
296,5,113.0
296,6,103.0
296,7,128.0
296,8,76.0
296,9,71.0
296,10,116.0
296,11,77.0
297,0,103.0
297,2,115.0
297,3,137.0
297,4,129.0
297,5,126.0
297,6,74.0
297,7,66.0
297,8,56.0
297,9,121.0
298,0,96.0
298,2,72.0
298,3,122.0
298,4,101.0
298,5,148.0
298,6,172.0
298,7,145.0
298,8,55.0
298,10,47.0
298,11,43.0
298,12,39.0
299,0,96.0
299,3,98.0
299,4,99.0
299,5,73.0
299,6,67.0
299,8,88.0
299,9,78.0
299,10,70.0
300,0,91.0
300,2,81.0
300,3,77.0
300,4,74.0
300,5,71.0
300,6,68.0
300,7,64.0
300,8,61.0
300,9,57.0
300,10,53.0
300,11,49.0
301,0,108.0
301,2,144.0
301,3,146.0
301,4,67.0
301,5,58.0
301,6,51.0
301,8,73.0
301,9,65.0
301,11,110.0
302,0,99.0
302,2,74.0
302,3,70.0
302,4,66.0
302,5,63.0
302,6,60.0
302,7,130.0
302,8,121.0
303,0,90.0
303,2,49.0
303,3,46.0
303,4,42.0
303,5,37.0
303,6,33.0
303,7,29.0
303,8,107.0
303,9,115.0
303,10,132.0
303,11,134.0
304,0,106.0
304,2,124.0
304,3,126.0
304,4,149.0
304,5,85.0
304,6,75.0
304,7,137.0
305,0,103.0
305,3,51.0
305,4,44.0
305,5,41.0
305,6,37.0
305,7,34.0
305,10,172.0
305,11,178.0
305,12,174.0
305,13,65.0
306,0,102.0
306,2,141.0
306,3,113.0
306,4,98.0
306,5,110.0
306,6,106.0
306,7,120.0
307,0,96.0
307,2,83.0
307,3,78.0
307,4,74.0
307,5,71.0
307,6,66.0
307,7,63.0
307,8,58.0
307,9,54.0
307,10,50.0
308,0,105.0
308,2,94.0
308,3,90.0
308,4,86.0
308,5,83.0
308,6,80.0
308,7,76.0
308,8,72.0
308,9,68.0
309,0,94.0
309,2,85.0
309,3,80.0
309,5,73.0
309,6,69.0
309,9,58.0
309,11,52.0
309,12,48.0
309,13,45.0
310,0,92.0
310,2,83.0
310,3,79.0
310,4,75.0
310,5,71.0
310,6,68.0
310,7,63.0
310,8,61.0
310,9,57.0
311,0,91.0
311,2,79.0
311,3,76.0
311,4,72.0
311,5,68.0
311,6,64.0
311,7,61.0
311,8,57.0
311,9,54.0
312,0,106.0
312,2,104.0
312,3,126.0
312,4,141.0
312,5,97.0
312,6,68.0
312,7,58.0
312,10,104.0
312,11,70.0
312,12,62.0
312,13,53.0
313,0,96.0
313,4,107.0
313,5,161.0
313,6,175.0
313,7,172.0
313,8,73.0
313,10,66.0
314,0,91.0
314,2,78.0
314,3,75.0
314,4,72.0
314,5,69.0
314,6,65.0
314,7,61.0
314,8,58.0
314,9,54.0
314,11,45.0
314,13,43.0
315,0,90.0
315,2,106.0
315,3,100.0
315,4,152.0
315,5,137.0
315,6,115.0
315,7,99.0
315,8,83.0
315,9,78.0
316,0,105.0
316,2,105.0
316,3,147.0
316,4,138.0
316,5,100.0
316,6,95.0
316,7,107.0
316,8,73.0
316,9,67.0
316,10,138.0
317,0,94.0
317,2,114.0
317,3,148.0
317,4,84.0
317,5,82.0
317,6,75.0
317,7,138.0
317,8,130.0
317,9,100.0
317,10,86.0
317,11,75.0
317,12,118.0
318,0,101.0
318,2,79.0
318,3,74.0
318,4,69.0
318,5,66.0
318,6,62.0
318,7,57.0
318,8,92.0
318,9,139.0
318,10,187.0
318,11,189.0
319,0,101.0
319,2,101.0
319,3,71.0
319,4,62.0
319,5,56.0
319,6,142.0
319,7,121.0
319,8,98.0
319,9,132.0
319,10,105.0
320,0,95.0
320,2,78.0
320,3,71.0
320,4,63.0
320,6,58.0
320,7,53.0
320,9,130.0
320,11,196.0
321,0,90.0
321,2,94.0
321,3,90.0
321,4,86.0
321,5,82.0
321,6,78.0
321,7,73.0
321,8,69.0
321,9,66.0
321,10,63.0
322,0,93.0
322,3,72.0
322,4,68.0
322,5,64.0
322,6,59.0
322,7,55.0
322,8,125.0
322,9,110.0
322,10,158.0
322,11,160.0
322,12,157.0
322,13,73.0
323,0,104.0
323,2,80.0
323,3,94.0
323,4,86.0
323,5,82.0
323,6,79.0
323,7,76.0
323,8,71.0
323,9,67.0
324,0,94.0
324,2,83.0
324,3,79.0
324,4,75.0
324,5,71.0
324,6,68.0
324,7,66.0
324,8,63.0
324,9,58.0
325,0,94.0
325,2,131.0
325,3,60.0
325,4,53.0
325,5,52.0
325,6,102.0
325,7,127.0
325,8,70.0
325,9,53.0
325,10,100.0
326,0,99.0
326,2,56.0
326,3,52.0
326,4,47.0
326,5,42.0
326,6,38.0
326,7,35.0
326,8,120.0
326,9,130.0
326,10,154.0
326,11,164.0
327,0,101.0
327,2,64.0
327,3,59.0
327,4,94.0
327,5,120.0
327,6,150.0
327,7,172.0
328,0,93.0
328,2,120.0
328,3,102.0
328,4,158.0
328,5,161.0
328,6,151.0
328,7,84.0
328,8,80.0
328,9,76.0
329,0,110.0
329,2,86.0
329,3,81.0
329,4,76.0
329,5,110.0
329,6,139.0
329,7,190.0
329,8,198.0
329,13,49.0
330,0,97.0
330,2,56.0
330,3,53.0
330,4,50.0
330,5,45.0
330,6,42.0
330,7,131.0
331,0,99.0
331,2,104.0
331,3,106.0
331,4,130.0
331,5,97.0
331,6,105.0
331,8,74.0
331,10,65.0
331,11,145.0
332,0,93.0
332,2,115.0
332,3,112.0
332,4,128.0
332,5,119.0
332,6,102.0
332,7,58.0
332,8,51.0
332,9,117.0
333,0,96.0
333,2,86.0
333,3,82.0
333,4,78.0
333,5,74.0
333,6,70.0
333,7,65.0
333,8,62.0
333,9,58.0
333,10,54.0
334,0,109.0
334,2,96.0
334,3,91.0
334,4,87.0
334,5,83.0
334,6,79.0
334,7,74.0
335,0,98.0
335,2,66.0
335,3,63.0
335,4,60.0
335,5,55.0
335,6,52.0
335,7,48.0
335,8,44.0
336,0,106.0
336,2,126.0
336,3,103.0
336,4,114.0
336,5,81.0
336,6,74.0
336,7,70.0
336,8,143.0
337,0,94.0
337,3,74.0
337,4,75.0
337,5,70.0
337,6,67.0
337,7,63.0
337,8,59.0
337,9,122.0
337,10,89.0
337,11,141.0
337,12,168.0
338,0,91.0
338,2,117.0
338,3,114.0
338,5,63.0
338,6,60.0
338,7,107.0
338,10,66.0
338,11,120.0
339,0,91.0
339,2,80.0
339,3,72.0
339,4,66.0
339,5,138.0
339,6,130.0
339,7,120.0
339,9,64.0
340,0,96.0
340,2,69.0
340,3,63.0
340,4,114.0
340,5,125.0
340,6,94.0
340,7,66.0
341,0,109.0
341,2,52.0
341,3,32.0
341,4,29.0
341,5,45.0
341,6,35.0
341,7,49.0
341,8,96.0
341,9,134.0
341,10,155.0
341,11,194.0
342,0,93.0
342,2,46.0
342,3,41.0
342,4,38.0
342,6,29.0
342,7,24.0
342,8,129.0
342,9,110.0
342,10,178.0
343,0,98.0
343,2,85.0
343,4,79.0
343,5,74.0
343,6,69.0
343,7,65.0
343,8,60.0
343,10,52.0
344,0,94.0
344,2,57.0
344,3,53.0
344,4,50.0
344,5,45.0
344,6,41.0
344,9,126.0
344,10,133.0
344,11,146.0
345,0,104.0
345,2,89.0
345,3,84.0
345,4,132.0
345,5,138.0
345,6,147.0
345,7,150.0
346,0,90.0
346,2,129.0
346,3,99.0
346,4,95.0
346,5,66.0
346,6,61.0
346,7,52.0
346,8,142.0
346,9,104.0
347,0,97.0
347,2,84.0
347,3,79.0
347,4,76.0
347,5,72.0
347,6,68.0
347,7,65.0
347,8,62.0
347,10,55.0
348,0,90.0
348,2,66.0
348,4,57.0
348,6,50.0
348,8,42.0
348,9,96.0
348,10,116.0
348,12,152.0
348,13,129.0
349,0,108.0
349,5,59.0
349,7,143.0
349,8,125.0
349,9,135.0
349,10,68.0
349,11,62.0
349,12,117.0
349,13,103.0
350,0,101.0
350,2,105.0
350,3,118.0
350,4,110.0
350,5,120.0
350,6,130.0
350,7,67.0
350,8,60.0
351,0,95.0
351,2,72.0
351,3,100.0
351,4,127.0
351,6,186.0
351,7,76.0
351,9,71.0
352,0,104.0
352,2,66.0
352,3,61.0
352,4,58.0
352,5,54.0
352,6,111.0
352,7,87.0
352,8,167.0
352,9,183.0
353,0,100.0
353,2,131.0
353,3,131.0
353,5,67.0
353,7,95.0
353,8,99.0
353,9,124.0
354,0,96.0
354,2,112.0
354,3,106.0
354,4,111.0
354,5,72.0
354,6,62.0
354,7,142.0
355,0,95.0
355,2,123.0
355,3,60.0
355,4,55.0
355,5,50.0
355,6,103.0
355,7,122.0
356,0,107.0
356,2,109.0
356,3,111.0
356,4,67.0
356,5,58.0
356,6,110.0
356,7,112.0
356,8,124.0
357,0,90.0
357,2,78.0
357,3,75.0
357,4,71.0
357,5,68.0
357,6,91.0
357,7,123.0
357,8,143.0
357,9,153.0
358,0,93.0
358,2,51.0
358,3,47.0
358,4,42.0
358,6,36.0
358,7,87.0
358,8,87.0
358,9,138.0
358,10,144.0
358,11,137.0
358,12,45.0
358,13,42.0
359,0,92.0
359,2,93.0
359,3,94.0
359,4,92.0
359,5,69.0
359,6,60.0
359,7,60.0
359,8,123.0
359,9,65.0
360,0,94.0
360,2,83.0
360,3,80.0
360,4,76.0
360,5,72.0
360,6,68.0
360,7,65.0
360,8,61.0
360,9,57.0
361,0,100.0
361,2,50.0
361,3,45.0
361,4,42.0
361,5,37.0
361,8,103.0
361,9,189.0
361,10,197.0
361,11,158.0
362,0,103.0
362,4,117.0
362,5,99.0
362,6,114.0
362,7,124.0
362,8,72.0
362,9,67.0
362,10,61.0
362,11,108.0
363,0,99.0
363,2,89.0
363,3,85.0
363,4,81.0
363,5,78.0
363,6,75.0
363,7,70.0
363,8,66.0
363,9,62.0
364,0,108.0
364,2,145.0
364,3,129.0
364,4,104.0
364,5,123.0
364,8,50.0
364,9,130.0
365,0,95.0
365,2,102.0
365,3,132.0
365,4,101.0
365,5,95.0
365,6,90.0
365,7,69.0
365,8,62.0
365,9,106.0
365,10,74.0
365,11,67.0
365,12,62.0
366,0,96.0
366,3,81.0
366,4,77.0
366,5,74.0
366,6,71.0
366,7,67.0
366,8,64.0
366,9,59.0
367,0,92.0
367,2,71.0
367,3,68.0
367,4,65.0
367,5,61.0
367,6,57.0
367,7,124.0
367,8,109.0
367,9,129.0
367,10,134.0
368,0,93.0
368,2,149.0
368,3,112.0
368,4,181.0
368,5,195.0
368,6,158.0
368,7,64.0
369,0,90.0
369,2,100.0
369,3,82.0
369,4,72.0
369,5,65.0
369,6,115.0
369,7,134.0
369,8,141.0
369,9,149.0
369,10,82.0
369,11,74.0
369,13,108.0
370,0,91.0
370,3,82.0
370,5,72.0
370,8,62.0
370,9,59.0
370,10,55.0
370,11,53.0
370,12,44.0
371,0,91.0
371,2,80.0
371,4,72.0
371,5,69.0
371,6,64.0
371,7,61.0
371,8,57.0
371,9,54.0
371,10,49.0
371,11,45.0
371,12,42.0
372,0,96.0
372,2,54.0
372,3,50.0
372,4,46.0
372,5,42.0
372,6,38.0
372,7,33.0
372,9,105.0
373,0,96.0
373,2,62.0
373,3,57.0
373,4,54.0
373,5,130.0
373,6,92.0
373,7,155.0
373,8,186.0
373,9,161.0
373,10,58.0
373,12,50.0
374,0,104.0
374,2,92.0
374,3,87.0
374,4,83.0
374,5,79.0
374,6,75.0
374,7,70.0
374,8,66.0
374,9,61.0
374,10,56.0
374,11,52.0
375,0,91.0
375,2,119.0
375,3,126.0
375,4,106.0
375,6,71.0
375,7,66.0
375,8,57.0
375,9,111.0
375,10,90.0
375,11,57.0
375,12,48.0
375,13,122.0
376,0,105.0
376,2,96.0
376,5,82.0
376,6,78.0
376,7,73.0
376,8,69.0
376,9,64.0
377,0,90.0
377,2,47.0
377,3,42.0
377,6,100.0
377,7,165.0
377,8,168.0
377,9,160.0
377,10,72.0
377,11,67.0
377,12,64.0
377,13,60.0
378,0,101.0
378,2,107.0
378,3,110.0
378,4,138.0
378,5,140.0
378,6,135.0
378,7,64.0
378,8,60.0
378,9,54.0
378,11,114.0
379,0,93.0
379,2,73.0
379,4,65.0
379,6,132.0
379,7,135.0
379,8,182.0
379,10,174.0
380,0,90.0
380,2,56.0
380,3,48.0
380,4,45.0
380,5,111.0
380,6,86.0
380,7,145.0
380,8,169.0
380,9,167.0
380,11,71.0
381,0,109.0
381,2,101.0
381,3,103.0
381,4,137.0
381,5,132.0
381,6,117.0
381,7,66.0
381,8,58.0
382,0,93.0
382,2,83.0
382,4,74.0
382,6,68.0
382,7,63.0
382,8,59.0
382,9,56.0
383,0,103.0
383,2,105.0
383,3,139.0
383,4,144.0
383,5,77.0
383,6,68.0
383,8,140.0
384,0,99.0
384,2,71.0
384,3,123.0
384,5,155.0
384,6,176.0
384,7,150.0
384,8,51.0
384,9,47.0
385,0,100.0
385,2,76.0
385,3,70.0
385,4,125.0
385,5,126.0
385,6,97.0
385,7,105.0
385,8,114.0
385,9,127.0
386,0,110.0
386,2,96.0
386,3,93.0
386,4,89.0
386,5,84.0
386,6,80.0
386,7,75.0
386,8,71.0
386,9,65.0
387,0,108.0
387,2,117.0
387,3,139.0
387,4,122.0
387,5,132.0
387,6,74.0
387,7,64.0
387,8,114.0
387,9,112.0
387,10,76.0
387,11,71.0
388,0,90.0
388,2,100.0
388,3,104.0
388,4,147.0
388,5,136.0
388,6,139.0
388,7,88.0
388,8,81.0
388,9,72.0
388,10,113.0
388,11,150.0
388,12,79.0
389,0,93.0
389,2,132.0
389,3,131.0
389,4,130.0
389,5,127.0
389,6,143.0
389,7,68.0
389,11,151.0
390,0,92.0
390,2,94.0
390,3,89.0
390,4,85.0
390,5,80.0
390,6,75.0
390,7,71.0
390,8,67.0
390,9,64.0
390,10,60.0
390,11,55.0
391,0,90.0
391,2,102.0
391,3,124.0
391,4,98.0
391,6,63.0
391,8,130.0
391,11,57.0
392,0,106.0
392,2,46.0
392,3,45.0
392,4,40.0
392,5,34.0
392,6,34.0
392,7,29.0
392,8,98.0
392,9,99.0
392,10,141.0
392,11,151.0
393,0,90.0
393,2,122.0
393,3,96.0
393,4,100.0
393,5,66.0
393,6,62.0
393,7,58.0
393,8,116.0
394,0,95.0
394,2,120.0
394,3,100.0
394,4,115.0
394,5,68.0
394,6,60.0
394,7,52.0
394,8,110.0
394,9,90.0
394,10,74.0
394,11,65.0
394,12,114.0
395,0,108.0
395,2,96.0
395,3,91.0
395,4,88.0
395,6,80.0
395,7,74.0
395,8,70.0
395,9,66.0
396,0,96.0
396,2,83.0
396,3,79.0
396,4,76.0
396,5,72.0
396,6,67.0
396,7,64.0
396,8,60.0
396,9,56.0
397,0,96.0
397,4,84.0
397,5,70.0
397,6,66.0
397,7,63.0
397,8,56.0
397,10,53.0
398,0,97.0
398,2,87.0
398,3,84.0
398,4,81.0
398,5,78.0
398,6,80.0
398,7,70.0
398,8,66.0
398,9,63.0
399,0,102.0
399,2,130.0
399,3,99.0
399,4,136.0
399,6,136.0
399,7,111.0
399,8,78.0
399,10,114.0
400,0,94.0
400,4,114.0
400,5,117.0
400,6,59.0
400,8,44.0
400,9,106.0
400,10,66.0
400,13,101.0
401,0,92.0
401,5,66.0
401,6,144.0
401,7,141.0
401,8,114.0
401,9,75.0
401,10,67.0
401,11,59.0
401,12,140.0
402,0,93.0
402,2,127.0
402,3,69.0
402,5,95.0
402,6,58.0
402,8,46.0
402,9,130.0
402,10,151.0
403,0,98.0
403,2,84.0
403,3,81.0
403,4,77.0
403,5,74.0
403,6,71.0
403,7,67.0
403,8,64.0
403,9,58.0
404,0,110.0
404,2,50.0
404,3,47.0
404,4,119.0
404,5,107.0
404,6,154.0
404,7,163.0
405,0,102.0
405,2,95.0
405,3,91.0
405,4,85.0
405,5,82.0
405,6,74.0
405,7,72.0
406,0,91.0
406,3,93.0
406,5,96.0
406,7,60.0
406,9,124.0
406,11,64.0
406,13,51.0
407,0,92.0
407,2,89.0
407,3,84.0
407,4,79.0
407,5,76.0
407,6,71.0
407,10,55.0
407,11,51.0
407,12,46.0
408,0,96.0
408,2,98.0
408,3,94.0
408,4,86.0
408,5,84.0
408,6,80.0
408,7,74.0
409,0,92.0
409,2,152.0
409,3,124.0
409,4,200.0
409,6,180.0
409,7,89.0
409,8,86.0
409,9,79.0
409,10,74.0
409,11,71.0
409,12,65.0
410,0,90.0
410,2,67.0
410,3,63.0
410,4,59.0
410,5,55.0
410,6,51.0
410,7,47.0
410,8,88.0
411,0,96.0
411,2,56.0
411,3,52.0
411,4,48.0
411,5,43.0
411,6,114.0
411,7,101.0
412,0,93.0
412,2,49.0
412,3,45.0
412,4,43.0
412,6,35.0
412,8,127.0
412,9,121.0
412,10,138.0
412,11,148.0
413,0,93.0
413,2,63.0
413,3,58.0
413,4,118.0
413,5,123.0
413,6,105.0
413,7,109.0
413,8,113.0
414,0,102.0
414,2,92.0
414,3,87.0
414,4,82.0
414,5,78.0
414,7,70.0
414,9,62.0
414,10,59.0
414,11,55.0
414,12,51.0
414,13,47.0
415,0,103.0
415,2,141.0
415,3,128.0
415,4,98.0
415,5,103.0
415,6,131.0
415,7,142.0
415,8,71.0
415,9,64.0
415,10,51.0
415,11,144.0
416,0,95.0
416,2,67.0
416,3,64.0
416,4,60.0
416,5,105.0
416,6,108.0
416,7,136.0
416,8,147.0
416,10,79.0
417,0,99.0
417,2,95.0
417,3,123.0
417,4,71.0
417,5,63.0
417,6,59.0
417,7,133.0
417,8,103.0
417,9,71.0
418,0,103.0
418,2,93.0
418,3,142.0
418,4,130.0
418,5,188.0
418,6,195.0
418,7,171.0
418,8,63.0
418,9,59.0
418,10,49.0
419,0,95.0
419,2,84.0
419,3,80.0
419,4,76.0
419,5,73.0
419,6,69.0
419,7,90.0
419,8,119.0
419,9,136.0
419,10,156.0
420,0,101.0
420,2,91.0
420,3,87.0
420,4,83.0
420,5,78.0
420,6,73.0
420,7,69.0
420,8,65.0
420,9,61.0
420,10,56.0
421,0,94.0
421,2,132.0
421,3,100.0
421,4,63.0
421,5,56.0
421,6,50.0
421,7,116.0
421,8,12.0
422,0,90.0
422,3,115.0
422,4,94.0
422,5,100.0
422,6,93.0
422,7,72.0
422,8,64.0
422,9,105.0
423,0,105.0
423,2,92.0
423,3,86.0
423,4,82.0
423,5,77.0
423,6,73.0
423,7,70.0
424,0,106.0
424,2,141.0
424,3,131.0
424,4,112.0
424,5,76.0
424,6,68.0
424,7,63.0
424,8,148.0
425,0,90.0
425,2,94.0
425,3,91.0
425,4,87.0
425,5,83.0
425,6,78.0
425,8,70.0
426,0,95.0
426,4,110.0
426,5,97.0
426,7,59.0
426,8,54.0
426,10,108.0
426,11,60.0
426,12,55.0
427,0,92.0
427,2,103.0
427,3,97.0
427,4,67.0
427,5,59.0
427,6,93.0
427,7,125.0
428,0,101.0
428,2,90.0
428,3,85.0
428,4,82.0
428,5,77.0
428,6,72.0
428,7,62.0
428,8,119.0
428,9,183.0
429,0,90.0
429,2,61.0
429,3,57.0
429,4,109.0
429,5,125.0
429,6,128.0
429,7,140.0
430,0,91.0
430,2,47.0
430,3,44.0
430,4,41.0
430,5,37.0
430,6,33.0
430,7,29.0
430,8,26.0
430,9,103.0
430,10,102.0
430,11,176.0
431,0,95.0
431,2,123.0
431,4,101.0
431,6,65.0
431,8,113.0
431,9,71.0
431,12,98.0
431,13,133.0
432,0,103.0
432,2,128.0
432,3,138.0
432,4,149.0
432,5,182.0
432,6,176.0
432,10,67.0
432,11,62.0
432,12,57.0
432,13,53.0
433,0,99.0
433,2,98.0
433,3,102.0
433,4,115.0
433,5,63.0
433,6,59.0
433,7,107.0
434,0,102.0
434,2,92.0
434,3,88.0
434,4,83.0
434,5,78.0
434,8,65.0
434,9,62.0
434,10,57.0
434,11,53.0
434,12,48.0
434,13,44.0
435,0,97.0
435,2,81.0
435,3,76.0
435,4,73.0
435,5,70.0
435,6,66.0
435,7,61.0
436,0,99.0
436,2,132.0
436,3,102.0
436,4,105.0
436,5,64.0
436,6,57.0
436,7,112.0
437,0,109.0
437,3,92.0
437,9,68.0
437,10,63.0
437,11,59.0
437,12,55.0
437,13,50.0
438,0,104.0
438,2,65.0
438,3,61.0
438,4,58.0
438,5,130.0
438,7,145.0
438,9,149.0
438,13,52.0
439,0,108.0
439,2,119.0
439,3,108.0
439,4,71.0
439,5,66.0
439,6,60.0
439,7,126.0
439,8,150.0
439,9,115.0
439,11,76.0
439,13,111.0
440,0,96.0
440,2,80.0
440,3,76.0
440,4,72.0
440,5,69.0
440,6,66.0
440,7,125.0
440,8,161.0
441,0,93.0
441,2,89.0
441,3,85.0
441,4,81.0
441,5,76.0
441,6,71.0
441,7,67.0
441,8,63.0
441,9,117.0
441,10,108.0
441,11,149.0
441,12,184.0
442,0,95.0
442,2,89.0
442,3,123.0
442,4,109.0
442,5,127.0
442,6,125.0
442,7,72.0
443,0,102.0
443,2,131.0
443,3,143.0
443,4,111.0
443,5,107.0
443,6,130.0
443,7,114.0
443,8,77.0
444,0,98.0
444,2,93.0
444,3,90.0
444,4,83.0
444,5,81.0
444,6,78.0
444,7,73.0
444,8,69.0
445,0,103.0
445,2,90.0
445,3,87.0
445,4,83.0
445,5,79.0
445,6,75.0
445,7,70.0
445,8,66.0
445,9,61.0
445,10,56.0
445,11,51.0
446,0,97.0
446,2,43.0
446,3,38.0
446,4,35.0
446,5,32.0
446,6,28.0
446,7,135.0
447,0,104.0
447,3,85.0
447,4,81.0
447,5,77.0
447,7,68.0
447,8,65.0
447,9,61.0
448,0,94.0
448,2,78.0
448,3,74.0
448,4,70.0
448,5,96.0
448,6,129.0
448,7,141.0
448,8,146.0
449,0,99.0
449,2,75.0
449,3,69.0
449,4,105.0
449,5,109.0
449,8,52.0
449,9,42.0
449,10,131.0
449,11,119.0
449,12,134.0
450,0,97.0
450,2,105.0
450,3,122.0
450,4,105.0
450,5,57.0
450,6,48.0
450,7,121.0
450,10,126.0
451,0,103.0
451,2,44.0
451,3,41.0
451,6,151.0
451,7,171.0
451,8,176.0
451,9,63.0
452,0,108.0
452,3,118.0
452,4,117.0
452,5,137.0
452,6,100.0
452,7,71.0
452,8,66.0
452,9,61.0
452,10,113.0
452,11,105.0
452,13,80.0
453,0,108.0
453,2,47.0
453,3,43.0
453,4,98.0
453,5,93.0
453,6,148.0
453,7,159.0
453,8,136.0
453,9,54.0
453,11,47.0
454,0,109.0
454,2,97.0
454,3,92.0
454,4,86.0
454,5,83.0
454,6,79.0
454,7,75.0
454,8,70.0
454,9,65.0
454,10,61.0
454,11,57.0
455,0,99.0
455,3,121.0
455,4,107.0
455,5,92.0
455,6,72.0
455,7,63.0
455,9,69.0
455,11,58.0
455,12,103.0
455,13,95.0
456,0,91.0
456,2,95.0
456,3,90.0
456,4,87.0
456,5,82.0
456,8,69.0
456,9,64.0
456,10,59.0
456,11,56.0
456,13,47.0
457,0,108.0
457,2,97.0
457,3,93.0
457,4,90.0
457,5,86.0
457,7,76.0
457,8,72.0
457,10,65.0
457,11,61.0
458,0,94.0
458,2,95.0
458,3,107.0
458,4,123.0
458,5,123.0
458,6,92.0
458,7,118.0
459,0,92.0
459,3,71.0
459,4,67.0
459,5,122.0
459,6,97.0
459,7,143.0
459,8,161.0
459,9,155.0
459,10,49.0
459,11,45.0
459,12,41.0
459,13,37.0
460,0,100.0
460,2,86.0
460,3,83.0
460,4,80.0
460,5,77.0
460,6,72.0
460,7,67.0
460,8,63.0
460,9,61.0
460,10,57.0
460,11,53.0
461,0,98.0
461,2,85.0
461,3,80.0
461,4,76.0
461,5,73.0
461,6,68.0
461,7,136.0
461,8,142.0
461,9,181.0
462,0,97.0
462,2,71.0
462,4,62.0
462,5,58.0
462,6,54.0
462,7,49.0
462,8,131.0
462,9,89.0
462,10,141.0
462,11,146.0
463,0,99.0
463,2,40.0
463,3,37.0
463,4,32.0
463,5,29.0
463,6,24.0
463,7,20.0
463,8,15.0
463,9,103.0
463,10,97.0
463,11,144.0
464,0,102.0
464,2,126.0
464,3,94.0
464,4,141.0
464,5,126.0
464,7,78.0
464,11,55.0
465,0,94.0
465,2,113.0
465,3,121.0
465,4,58.0
465,5,49.0
465,6,99.0
465,7,89.0
465,8,99.0
466,0,91.0
466,2,89.0
466,3,86.0
466,4,82.0
466,6,74.0
466,7,69.0
466,8,66.0
467,0,103.0
467,2,67.0
467,3,64.0
467,4,100.0
467,5,127.0
467,6,183.0
467,7,186.0
467,9,64.0
467,10,60.0
468,0,101.0
468,2,79.0
468,3,77.0
468,4,73.0
468,5,70.0
468,6,92.0
468,7,105.0
469,0,94.0
469,2,82.0
469,3,79.0
469,4,76.0
469,5,71.0
469,6,67.0
469,7,62.0
469,8,59.0
469,9,55.0
470,0,102.0
470,2,88.0
470,3,83.0
470,4,79.0
470,7,66.0
470,9,61.0
470,10,55.0
470,13,44.0
471,0,102.0
471,2,65.0
471,3,60.0
471,4,55.0
471,5,51.0
471,6,47.0
471,7,42.0
471,8,37.0
471,9,116.0
471,10,137.0
471,11,157.0
471,13,161.0
472,0,109.0
472,4,31.0
472,5,109.0
472,6,129.0
472,7,136.0
472,8,143.0
472,9,139.0
473,0,91.0
473,2,78.0
473,3,75.0
473,4,72.0
473,5,68.0
473,6,64.0
473,7,99.0
474,0,91.0
474,2,82.0
474,3,78.0
474,4,74.0
474,5,71.0
474,6,98.0
474,7,179.0
474,8,196.0
475,0,105.0
475,2,76.0
475,3,72.0
475,4,67.0
475,5,62.0
475,6,126.0
475,7,139.0
475,8,162.0
475,9,184.0
476,0,110.0
476,2,95.0
476,3,92.0
476,4,87.0
476,5,81.0
476,6,77.0
476,7,73.0
476,8,68.0
476,11,55.0
477,0,93.0
477,2,86.0
477,3,124.0
477,4,85.0
477,5,103.0
477,10,53.0
477,13,64.0
478,0,108.0
478,2,120.0
478,3,129.0
478,4,125.0
478,5,114.0
478,8,115.0
478,9,103.0
478,10,102.0
479,0,90.0
479,2,110.0
479,3,92.0
479,4,112.0
479,5,72.0
479,6,65.0
479,7,125.0
480,0,93.0
480,2,85.0
480,3,107.0
480,4,128.0
480,5,127.0
480,6,73.0
480,7,64.0
480,8,55.0
480,9,95.0
480,10,56.0
480,11,51.0
480,12,120.0
481,0,91.0
481,2,80.0
481,3,76.0
481,4,72.0
481,5,69.0
481,7,62.0
481,8,59.0
481,9,125.0
481,10,115.0
481,11,141.0
481,12,156.0
482,0,99.0
482,2,79.0
482,3,128.0
482,4,130.0
482,5,141.0
482,6,142.0
482,7,138.0
482,8,72.0
482,10,64.0
483,0,105.0
483,2,120.0
483,3,143.0
483,4,96.0
483,5,115.0
483,6,79.0
483,7,71.0
484,0,102.0
484,2,86.0
484,3,82.0
484,4,79.0
484,5,75.0
484,6,70.0
484,7,66.0
484,8,97.0
484,9,199.0
485,0,97.0
485,2,69.0
485,3,62.0
485,5,65.0
485,6,57.0
485,8,130.0
485,10,101.0
486,0,92.0
486,2,92.0
486,3,113.0
486,4,91.0
486,5,108.0
486,6,117.0
486,7,62.0
487,0,108.0
487,2,125.0
487,3,77.0
487,4,68.0
487,5,61.0
487,6,114.0
487,7,111.0
487,8,136.0
487,9,134.0
487,10,129.0
487,11,105.0
488,0,93.0
488,3,74.0
488,4,70.0
488,5,65.0
488,6,61.0
488,7,94.0
488,8,122.0
488,11,132.0
489,0,96.0
489,2,64.0
489,3,61.0
489,4,92.0
489,5,129.0
489,6,166.0
489,7,173.0
489,8,72.0
490,0,102.0
490,2,111.0
490,3,116.0
490,4,117.0
490,5,97.0
490,6,109.0
490,7,104.0
490,8,67.0
491,0,103.0
491,2,103.0
491,4,110.0
491,5,139.0
491,7,64.0
491,9,120.0
491,10,130.0
492,0,95.0
492,3,46.0
492,4,43.0
492,5,39.0
492,7,31.0
492,8,28.0
492,10,102.0
492,11,142.0
492,12,154.0
493,0,91.0
493,2,82.0
493,3,79.0
493,4,75.0
493,5,71.0
493,6,68.0
493,7,65.0
493,8,64.0
493,9,99.0
493,10,160.0
494,0,94.0
494,2,45.0
494,3,41.0
494,4,36.0
494,5,32.0
494,6,28.0
494,7,25.0
494,8,123.0
494,9,115.0
494,10,149.0
494,11,157.0
494,12,148.0
495,0,94.0
495,2,98.0
495,3,60.0
495,5,49.0
495,7,125.0
495,8,114.0
495,9,89.0
495,11,111.0
495,12,64.0
495,13,55.0
496,0,94.0
496,2,74.0
496,3,71.0
496,4,66.0
496,5,95.0
496,6,134.0
496,7,147.0
496,8,150.0
496,10,89.0
497,0,94.0
497,2,68.0
497,3,61.0
497,4,51.0
497,5,137.0
497,6,117.0
497,7,99.0
497,8,111.0
498,0,100.0
498,5,177.0
498,7,67.0
498,8,62.0
498,9,59.0
498,10,54.0
498,11,51.0
498,12,48.0
499,0,92.0
499,2,82.0
499,3,79.0
499,4,75.0
499,5,72.0
499,6,68.0
499,7,65.0
499,8,63.0
499,9,58.0
499,10,54.0
499,11,50.0
500,0,93.0
500,2,95.0
500,3,90.0
500,4,86.0
500,5,81.0
500,6,77.0
500,7,73.0
500,8,69.0
500,9,64.0
501,0,92.0
501,2,121.0
501,3,125.0
501,4,89.0
501,5,124.0
501,6,88.0
501,7,115.0
502,0,93.0
502,2,83.0
502,3,79.0
502,4,75.0
502,5,71.0
502,6,68.0
502,7,64.0
502,8,60.0
502,9,56.0
502,10,53.0
502,11,49.0
502,13,42.0
503,0,95.0
503,2,90.0
503,3,96.0
503,4,101.0
503,5,122.0
503,6,120.0
503,7,58.0
503,9,41.0
503,10,91.0
503,11,129.0
504,0,109.0
504,2,63.0
504,3,58.0
504,4,52.0
504,5,47.0
504,6,107.0
504,7,144.0
504,8,170.0
504,9,178.0
505,0,90.0
505,2,90.0
505,3,86.0
505,4,82.0
505,5,78.0
505,6,72.0
505,7,67.0
505,8,68.0
505,9,66.0
505,11,54.0
506,0,100.0
506,2,88.0
506,3,84.0
506,4,80.0
506,5,75.0
506,6,72.0
506,8,66.0
506,9,62.0
507,0,107.0
507,2,114.0
507,3,115.0
507,4,133.0
507,5,102.0
507,6,136.0
507,8,64.0
508,0,104.0
508,2,85.0
508,3,81.0
508,4,77.0
508,5,72.0
508,6,68.0
508,7,100.0
509,0,94.0
509,2,108.0
509,3,110.0
509,4,150.0
509,5,153.0
509,10,35.0
509,11,34.0
509,12,24.0
510,0,91.0
510,2,114.0
510,3,79.0
510,4,72.0
510,5,65.0
510,6,139.0
510,7,117.0
510,8,109.0
510,9,113.0
510,10,74.0
511,0,95.0
511,2,113.0
511,3,62.0
511,4,53.0
511,5,49.0
511,6,105.0
511,7,107.0
511,8,77.0
511,9,67.0
511,11,127.0
511,12,111.0
511,13,129.0
512,0,107.0
512,2,140.0
512,3,76.0
512,4,66.0
512,5,58.0
512,6,116.0
512,7,115.0
513,0,109.0
513,2,75.0
513,3,68.0
513,4,113.0
513,5,80.0
513,6,71.0
513,7,61.0
513,8,101.0
513,9,109.0
513,10,140.0
513,12,138.0
513,13,140.0
514,0,106.0
514,2,93.0
514,3,89.0
514,4,124.0
514,5,154.0
514,6,132.0
514,7,147.0
514,8,87.0
514,9,89.0
515,0,97.0
515,3,87.0
515,4,77.0
515,5,74.0
515,6,70.0
515,7,66.0
515,8,62.0
515,9,58.0
516,0,95.0
516,2,131.0
516,3,120.0
516,4,170.0
516,5,181.0
516,6,171.0
516,7,66.0
516,8,62.0
516,9,59.0
517,0,99.0
517,2,104.0
517,3,138.0
517,4,95.0
517,5,61.0
517,6,53.0
517,7,103.0
517,8,119.0
517,9,64.0
517,10,54.0
517,12,102.0
518,0,90.0
518,2,86.0
518,3,82.0
518,4,78.0
518,5,74.0
518,6,71.0
518,7,93.0
518,8,191.0
519,0,91.0
519,2,86.0
519,3,103.0
519,4,98.0
519,6,65.0
519,8,58.0
519,9,100.0
520,0,98.0
520,2,90.0
520,3,125.0
520,4,121.0
520,6,111.0
520,7,72.0
520,8,67.0
520,9,106.0
520,10,64.0
520,11,57.0
521,0,94.0
521,2,95.0
521,3,66.0
521,4,62.0
521,5,53.0
521,6,110.0
521,7,117.0
521,8,128.0
522,0,105.0
522,2,94.0
522,3,89.0
522,4,85.0
522,5,81.0
522,6,76.0
522,7,72.0
522,8,68.0
522,9,64.0
522,12,105.0
522,13,64.0
523,0,91.0
523,2,66.0
523,3,87.0
523,4,106.0
523,5,147.0
523,6,165.0
523,7,146.0
523,8,78.0
524,0,105.0
524,2,92.0
524,3,88.0
524,4,84.0
524,5,79.0
524,6,75.0
524,7,71.0
524,8,68.0
524,9,63.0
524,10,59.0
524,11,56.0
524,12,52.0
525,0,100.0
525,2,94.0
525,3,90.0
525,4,87.0
525,5,82.0
525,6,79.0
525,7,75.0
525,8,71.0
525,9,66.0
525,10,63.0
526,0,91.0
526,3,135.0
526,5,65.0
526,6,58.0
526,8,67.0
526,9,60.0
526,13,122.0
527,0,91.0
527,2,67.0
527,3,63.0
527,4,59.0
527,5,56.0
527,6,122.0
527,7,95.0
527,8,142.0
527,9,164.0
528,0,99.0
528,2,67.0
528,3,62.0
528,4,57.0
528,5,54.0
528,6,50.0
528,7,99.0
528,8,136.0
528,9,157.0
528,10,198.0
528,11,151.0
529,0,97.0
529,2,89.0
529,3,131.0
529,4,99.0
529,5,130.0
529,6,72.0
529,7,64.0
529,9,103.0
530,0,90.0
530,2,106.0
530,3,71.0
530,4,63.0
530,5,56.0
530,6,116.0
530,7,120.0
531,0,95.0
531,2,98.0
531,3,126.0
531,4,109.0
531,5,118.0
531,6,96.0
531,7,98.0
531,8,71.0
531,9,66.0
531,10,57.0
531,11,96.0
532,0,91.0
532,2,62.0
532,3,58.0
532,4,55.0
532,5,109.0
532,6,116.0
532,7,132.0
533,0,94.0
533,2,115.0
533,3,98.0
533,4,90.0
533,6,54.0
533,7,60.0
533,8,64.0
533,11,56.0
534,0,90.0
534,2,63.0
534,3,59.0
534,4,93.0
534,5,108.0
534,6,55.0
534,7,50.0
534,8,46.0
534,9,87.0
534,10,119.0
535,0,105.0
535,2,138.0
535,3,112.0
535,4,155.0
535,5,159.0
535,6,154.0
535,7,55.0
535,8,53.0
535,9,49.0
535,10,43.0
536,0,99.0
536,2,74.0
536,3,69.0
536,4,65.0
536,6,127.0
536,7,147.0
536,8,159.0
536,9,152.0
536,11,78.0
537,0,97.0
537,2,73.0
537,3,72.0
537,4,60.0
537,5,68.0
537,6,75.0
537,7,98.0
537,8,109.0
537,9,147.0
537,10,163.0
537,11,161.0
538,0,92.0
538,2,113.0
538,5,92.0
538,6,63.0
538,9,65.0
538,10,59.0
538,11,52.0
538,12,126.0
538,13,95.0
539,0,90.0
539,2,48.0
539,3,43.0
539,4,38.0
539,5,33.0
539,6,30.0
539,7,24.0
540,0,92.0
540,2,99.0
540,3,103.0
540,4,73.0
540,5,68.0
540,6,126.0
540,7,122.0
541,0,106.0
541,2,70.0
541,3,61.0
541,4,54.0
541,5,125.0
541,6,118.0
541,7,110.0
541,8,145.0
542,0,97.0
542,2,86.0
542,3,83.0
542,4,78.0
542,5,75.0
542,6,71.0
542,7,68.0
542,8,125.0
542,9,181.0
542,11,152.0
543,0,95.0
543,2,84.0
543,3,79.0
543,4,76.0
543,5,73.0
543,6,68.0
543,7,64.0
543,8,61.0
543,9,57.0
543,10,53.0
543,11,50.0
544,0,95.0
544,2,85.0
544,3,82.0
544,4,78.0
544,5,74.0
544,6,72.0
544,7,69.0
544,8,64.0
544,9,60.0
544,10,57.0
544,11,52.0
545,0,97.0
545,2,84.0
545,3,79.0
545,4,75.0
545,5,70.0
545,6,66.0
545,7,125.0
545,8,144.0
546,0,100.0
546,2,87.0
546,3,82.0
546,4,79.0
546,5,75.0
546,6,71.0
546,7,61.0
546,10,136.0
546,11,163.0
547,0,100.0
547,2,76.0
547,3,67.0
547,4,100.0
547,5,98.0
547,6,121.0
547,7,130.0
547,8,140.0
547,10,66.0
548,0,100.0
548,2,76.0
548,3,72.0
548,4,108.0
548,5,108.0
548,6,163.0
548,7,181.0
549,0,104.0
549,2,116.0
549,3,135.0
549,4,79.0
549,5,74.0
549,6,123.0
549,7,120.0
549,8,103.0
549,9,64.0
549,12,104.0
550,0,94.0
550,2,85.0
550,3,81.0
550,4,78.0
550,5,74.0
550,6,70.0
550,7,66.0
550,10,56.0
550,13,44.0
551,0,95.0
551,2,67.0
551,3,59.0
551,4,49.0
551,5,141.0
551,6,105.0
551,7,141.0
552,0,90.0
552,2,113.0
552,3,91.0
552,4,90.0
552,5,122.0
552,6,57.0
552,7,48.0
552,8,110.0
552,9,109.0
552,10,105.0
552,11,55.0
553,0,107.0
553,2,61.0
553,3,56.0
553,4,52.0
553,5,46.0
553,6,130.0
553,7,128.0
553,8,158.0
553,9,165.0
554,0,108.0
554,2,93.0
554,3,87.0
554,4,84.0
554,6,75.0
554,8,65.0
554,9,62.0
555,0,99.0
555,2,100.0
555,3,102.0
555,4,72.0
555,5,67.0
555,8,120.0
555,9,110.0
555,10,113.0
555,11,79.0
555,12,73.0
555,13,110.0
556,0,92.0
556,3,116.0
556,4,100.0
556,5,98.0
556,6,63.0
556,7,55.0
556,9,95.0
557,0,91.0
557,2,89.0
557,3,85.0
557,4,81.0
557,5,77.0
557,6,71.0
557,7,68.0
557,8,64.0
557,9,60.0
557,10,55.0
557,11,51.0
558,0,93.0
558,2,60.0
558,3,100.0
558,4,129.0
558,5,138.0
558,6,152.0
558,7,149.0
558,10,34.0
559,0,90.0
559,2,77.0
559,3,72.0
559,4,70.0
559,5,66.0
559,7,58.0
559,8,91.0
559,9,125.0
559,10,126.0
559,11,166.0
559,12,163.0
560,0,96.0
560,2,72.0
560,4,95.0
560,5,95.0
560,6,144.0
560,7,177.0
560,8,141.0
560,9,61.0
560,10,58.0
560,11,55.0
560,12,52.0
560,13,47.0
561,0,97.0
561,2,83.0
561,3,79.0
561,4,76.0
561,5,71.0
561,6,68.0
561,7,122.0
561,8,115.0
561,9,143.0
561,10,154.0
562,0,104.0
562,2,93.0
562,3,89.0
562,4,84.0
562,5,79.0
562,6,75.0
562,7,71.0
562,8,66.0
562,9,61.0
563,0,99.0
563,2,88.0
563,3,84.0
563,4,81.0
563,5,76.0
563,6,73.0
563,7,69.0
563,8,65.0
563,9,61.0
563,10,56.0
563,11,51.0
564,0,109.0
564,2,94.0
564,3,89.0
564,4,85.0
564,5,80.0
564,6,76.0
564,7,72.0
564,8,67.0
564,9,63.0
564,10,58.0
564,11,55.0
565,0,97.0
565,2,130.0
565,3,92.0
565,4,90.0
565,5,134.0
565,6,115.0
565,7,130.0
565,8,67.0
565,9,63.0
565,10,56.0
565,11,105.0
565,12,62.0
566,0,93.0
566,2,80.0
566,3,75.0
566,4,72.0
566,5,69.0
566,6,66.0
566,7,62.0
566,8,59.0
566,9,56.0
567,0,94.0
567,4,98.0
567,5,64.0
567,6,55.0
567,7,50.0
567,8,99.0
567,9,103.0
567,10,130.0
567,11,101.0
567,12,68.0
567,13,59.0
568,0,100.0
568,2,76.0
568,3,73.0
568,4,70.0
568,5,110.0
568,6,98.0
568,7,147.0
568,8,153.0
568,9,147.0
568,10,65.0
569,0,106.0
569,3,46.0
569,4,43.0
569,5,38.0
569,7,30.0
569,8,116.0
569,9,137.0
569,11,185.0
570,0,90.0
570,2,90.0
570,3,85.0
570,4,82.0
570,5,77.0
570,6,72.0
570,7,68.0
570,8,64.0
570,9,60.0
571,0,101.0
571,2,87.0
571,3,84.0
571,4,79.0
571,5,74.0
571,6,70.0
571,7,66.0
571,8,63.0
571,9,60.0
572,0,91.0
572,2,81.0
572,3,76.0
572,4,72.0
572,5,69.0
572,7,55.0
572,8,51.0
572,12,55.0
572,13,39.0
573,0,97.0
573,3,128.0
573,5,139.0
573,6,116.0
573,7,131.0
573,8,71.0
573,9,67.0
573,10,61.0
573,11,119.0
573,13,66.0
574,0,95.0
574,2,84.0
574,4,76.0
574,5,71.0
574,7,64.0
574,8,61.0
574,9,56.0
574,10,53.0
574,11,49.0
574,12,46.0
575,0,96.0
575,2,103.0
575,3,60.0
575,4,52.0
575,5,42.0
575,6,117.0
575,7,86.0
575,8,106.0
575,9,111.0
575,10,99.0
575,11,99.0
576,0,90.0
576,2,54.0
576,3,138.0
576,4,113.0
576,5,167.0
576,6,173.0
576,7,154.0
576,8,75.0
577,0,103.0
577,2,140.0
577,3,142.0
577,5,65.0
577,6,60.0
577,7,136.0
577,9,64.0
577,10,58.0
577,11,51.0
577,13,128.0
578,0,90.0
578,2,81.0
578,3,117.0
578,4,117.0
578,5,146.0
578,6,150.0
578,7,143.0
579,0,90.0
579,2,77.0
579,3,74.0
579,4,70.0
579,5,66.0
579,6,63.0
579,7,60.0
579,8,57.0
579,9,53.0
579,11,42.0
580,0,108.0
580,2,85.0
580,4,118.0
580,6,55.0
580,8,137.0
580,9,148.0
580,10,107.0
580,12,140.0
581,0,99.0
581,2,93.0
581,3,88.0
581,4,84.0
581,5,81.0
581,6,76.0
581,8,68.0
582,0,92.0
582,2,81.0
582,3,77.0
582,4,73.0
582,5,70.0
582,6,65.0
582,7,61.0
582,8,58.0
582,9,55.0
583,0,99.0
583,2,89.0
583,3,85.0
583,4,82.0
583,5,79.0
583,6,75.0
583,7,99.0
584,0,109.0
584,3,90.0
584,4,85.0
584,6,74.0
584,7,70.0
584,8,64.0
584,9,134.0
584,10,132.0
585,0,104.0
585,2,91.0
585,3,88.0
585,4,83.0
585,5,80.0
585,6,76.0
585,7,72.0
585,8,67.0
585,9,58.0
586,0,91.0
586,2,145.0
586,3,121.0
586,4,86.0
586,5,78.0
586,6,122.0
586,7,146.0
587,0,103.0
587,2,91.0
587,3,87.0
587,4,83.0
587,5,78.0
587,6,73.0
587,7,68.0
587,8,64.0
587,9,60.0
588,0,99.0
588,2,88.0
588,3,84.0
588,5,78.0
588,6,73.0
588,7,70.0
588,9,64.0
588,10,59.0
589,0,107.0
589,2,117.0
589,3,120.0
589,4,69.0
589,6,103.0
589,9,88.0
589,13,134.0
590,0,110.0
590,2,101.0
590,3,130.0
590,4,127.0
590,5,103.0
590,6,133.0
590,7,117.0
590,8,77.0
590,9,70.0
590,10,108.0
591,0,94.0
591,2,82.0
591,3,77.0
591,4,74.0
591,5,99.0
591,6,123.0
591,7,148.0
591,8,154.0
592,0,93.0
592,2,90.0
592,4,119.0
592,5,119.0
592,6,66.0
592,7,58.0
592,8,52.0
592,9,129.0
593,0,90.0
593,2,57.0
593,3,55.0
593,4,52.0
593,5,47.0
593,6,45.0
593,7,41.0
593,8,37.0
593,9,91.0
593,10,103.0
593,11,135.0
593,12,178.0
594,0,92.0
594,2,110.0
594,3,136.0
594,4,99.0
594,5,104.0
594,6,98.0
594,9,91.0
594,10,136.0
595,0,96.0
595,2,117.0
595,3,124.0
595,4,100.0
595,5,71.0
595,6,64.0
595,7,89.0
595,8,105.0
595,9,131.0
596,0,92.0
596,2,138.0
596,3,131.0
596,4,149.0
596,5,157.0
596,6,151.0
596,7,75.0
596,8,71.0
597,0,98.0
597,2,84.0
597,3,80.0
597,4,75.0
597,6,68.0
597,7,64.0
597,9,145.0
597,11,157.0
598,0,94.0
598,3,42.0
598,5,34.0
598,7,28.0
598,9,131.0
598,10,138.0
598,11,144.0
599,0,98.0
599,2,82.0
599,3,79.0
599,4,75.0
599,6,67.0
599,7,64.0
599,9,56.0
599,10,53.0
600,0,96.0
600,2,133.0
600,3,99.0
600,4,115.0
600,5,116.0
600,6,57.0
600,7,52.0
600,8,62.0
600,9,155.0
601,0,110.0
601,2,77.0
601,3,73.0
601,4,68.0
601,5,63.0
601,6,60.0
601,7,137.0
601,8,152.0
601,9,185.0
601,10,196.0
602,0,109.0
602,2,54.0
602,3,50.0
602,4,46.0
602,5,41.0
602,7,32.0
602,8,29.0
602,10,142.0
602,12,185.0
603,0,105.0
603,2,95.0
603,3,105.0
603,4,140.0
603,5,169.0
603,6,180.0
603,7,151.0
604,0,90.0
604,2,80.0
604,3,76.0
604,4,73.0
604,5,115.0
604,6,153.0
604,7,189.0
604,8,142.0
604,9,104.0
604,10,78.0
604,11,58.0
604,12,46.0
605,0,95.0
605,3,89.0
605,5,171.0
605,7,85.0
605,9,77.0
605,11,69.0
605,12,65.0
606,0,95.0
606,2,90.0
606,3,94.0
606,4,94.0
606,5,97.0
606,6,121.0
606,7,73.0
606,8,64.0
606,10,91.0
606,11,69.0
606,12,64.0
606,13,118.0
607,0,91.0
607,3,78.0
607,4,74.0
607,5,71.0
607,6,67.0
607,7,64.0
607,8,59.0
607,9,55.0
607,10,52.0
608,0,94.0
608,2,84.0
608,3,79.0
608,4,74.0
608,5,69.0
608,6,64.0
608,7,64.0
609,0,93.0
609,2,63.0
609,3,113.0
609,4,138.0
609,5,162.0
609,6,173.0
609,9,59.0
610,0,90.0
610,2,56.0
610,3,52.0
610,4,48.0
610,5,44.0
610,6,40.0
610,7,36.0
610,8,112.0
610,9,111.0
610,10,141.0
610,11,155.0
611,0,99.0
611,2,128.0
611,3,135.0
611,4,106.0
611,5,90.0
611,7,61.0
611,8,94.0
611,9,68.0
612,0,91.0
612,2,115.0
612,3,98.0
612,4,99.0
612,5,85.0
612,6,99.0
612,7,59.0
612,8,56.0
612,9,51.0
612,10,88.0
612,11,121.0
613,0,107.0
613,3,69.0
613,4,64.0
613,5,60.0
613,6,101.0
613,7,132.0
613,8,120.0
613,9,104.0
613,10,136.0
614,0,93.0
614,4,72.0
614,5,67.0
614,6,137.0
614,7,108.0
614,8,102.0
614,9,65.0
614,10,56.0
614,11,50.0
614,12,113.0
615,0,99.0
615,2,114.0
615,3,132.0
615,4,123.0
615,5,66.0
615,6,57.0
615,7,123.0
616,0,98.0
616,2,81.0
616,3,77.0
616,4,74.0
616,5,70.0
616,6,66.0
616,7,61.0
616,8,97.0
616,9,91.0
616,10,147.0
616,11,149.0
617,0,94.0
617,2,82.0
617,3,77.0
617,4,73.0
617,5,70.0
617,6,66.0
617,7,62.0
617,8,58.0
617,9,54.0
618,0,92.0
618,2,104.0
618,3,111.0
618,4,67.0
618,5,61.0
618,6,138.0
618,7,120.0
618,8,130.0
618,10,53.0
619,0,90.0
619,2,124.0
619,3,127.0
619,4,118.0
619,5,80.0
619,6,73.0
619,7,69.0
620,0,99.0
620,2,114.0
620,4,94.0
620,5,74.0
620,6,64.0
620,8,91.0
620,9,70.0
620,10,64.0
620,11,110.0
620,12,94.0
620,13,92.0
621,0,92.0
621,2,73.0
621,3,70.0
621,4,67.0
621,5,63.0
621,6,115.0
621,7,90.0
621,8,140.0
622,0,93.0
622,2,45.0
622,3,42.0
622,4,39.0
622,5,35.0
622,6,31.0
622,7,89.0
622,8,103.0
622,9,148.0
622,10,164.0
623,0,102.0
623,2,87.0
623,3,83.0
623,4,79.0
623,5,76.0
623,6,72.0
623,7,67.0
623,8,62.0
623,9,58.0
624,0,99.0
624,2,98.0
624,3,93.0
624,4,89.0
624,5,85.0
624,6,81.0
624,7,76.0
624,8,73.0
624,10,63.0
624,11,59.0
624,12,56.0
625,0,95.0
625,2,62.0
625,3,58.0
625,4,102.0
625,5,100.0
625,6,138.0
625,7,159.0
626,0,90.0
626,2,79.0
626,3,76.0
626,4,73.0
626,5,70.0
626,6,67.0
626,7,109.0
626,8,100.0
626,9,130.0
626,10,144.0
626,11,133.0
627,0,101.0
627,2,127.0
627,3,127.0
627,4,108.0
627,5,94.0
627,6,74.0
627,7,70.0
627,8,128.0
627,9,98.0
627,12,60.0
628,0,109.0
628,3,89.0
628,4,85.0
628,5,81.0
628,6,78.0
628,7,74.0
628,8,70.0
628,9,65.0
629,0,101.0
629,2,113.0
629,3,73.0
629,4,65.0
629,5,61.0
629,6,106.0
629,7,137.0
629,8,110.0
629,9,105.0
629,10,113.0
630,0,93.0
630,2,96.0
630,3,130.0
630,4,67.0
630,5,58.0
630,6,113.0
630,7,107.0
630,8,106.0
630,9,96.0
630,10,63.0
630,11,59.0
630,12,50.0
631,0,97.0
631,2,88.0
631,3,129.0
631,4,132.0
631,5,135.0
631,6,133.0
631,7,43.0
632,0,107.0
632,2,94.0
632,3,89.0
632,4,85.0
632,5,80.0
632,6,77.0
632,7,73.0
632,8,70.0
632,9,65.0
633,0,92.0
633,2,88.0
633,3,68.0
633,5,101.0
633,6,105.0
633,7,89.0
633,8,121.0
633,9,111.0
633,10,61.0
633,11,55.0
633,12,48.0
633,13,92.0
634,0,90.0
634,2,60.0
634,3,53.0
634,4,110.0
634,5,111.0
634,6,112.0
634,7,92.0
635,0,103.0
635,2,47.0
635,3,43.0
635,4,38.0
635,5,34.0
635,7,126.0
635,9,156.0
636,0,109.0
636,2,96.0
636,3,90.0
636,4,77.0
636,5,63.0
636,6,106.0
636,7,149.0
636,8,188.0
637,0,101.0
637,2,88.0
637,3,84.0
637,4,81.0
637,5,76.0
637,6,120.0
637,7,164.0
637,10,116.0
637,11,61.0
637,12,43.0
638,0,93.0
638,2,111.0
638,3,121.0
638,4,96.0
638,5,60.0
638,6,53.0
638,7,48.0
638,8,99.0
638,10,126.0
639,0,90.0
639,2,71.0
639,3,65.0
639,4,132.0
639,5,138.0
639,6,124.0
639,7,148.0
639,8,102.0
639,9,112.0
639,10,118.0
640,0,92.0
640,2,69.0
640,3,65.0
640,4,61.0
640,6,53.0
640,7,93.0
640,8,113.0
640,10,162.0
641,0,109.0
641,2,58.0
641,3,148.0
641,4,119.0
641,5,183.0
641,6,188.0
641,7,180.0
641,9,70.0
641,10,65.0
641,11,60.0
641,12,57.0
641,13,53.0
642,0,92.0
642,2,52.0
642,3,48.0
642,4,43.0
642,5,39.0
642,6,35.0
642,8,116.0
642,9,148.0
642,10,142.0
642,12,61.0
642,13,56.0
643,0,101.0
643,2,54.0
643,3,50.0
643,4,46.0
643,5,96.0
643,6,131.0
643,7,143.0
643,8,192.0
644,0,103.0
644,2,93.0
644,3,88.0
644,5,80.0
644,6,76.0
644,7,72.0
644,8,69.0
644,9,62.0
645,0,99.0
645,2,89.0
645,3,84.0
645,4,80.0
645,5,77.0
645,6,73.0
645,7,69.0
645,8,66.0
645,9,61.0
646,0,96.0
646,2,96.0
646,3,75.0
646,4,69.0
646,5,63.0
646,6,87.0
646,7,135.0
647,0,90.0
647,2,71.0
647,3,66.0
647,4,61.0
647,5,118.0
647,6,115.0
647,7,109.0
647,8,62.0
647,9,55.0
647,10,90.0
648,0,92.0
648,2,141.0
648,3,109.0
648,4,127.0
648,5,66.0
648,6,59.0
648,8,130.0
648,9,81.0
648,10,76.0
648,11,128.0
649,0,91.0
649,2,56.0
649,3,52.0
649,4,45.0
649,6,91.0
649,10,107.0
649,11,108.0
650,0,91.0
650,2,100.0
650,3,60.0
650,4,56.0
650,5,109.0
650,6,98.0
650,7,58.0
650,8,49.0
650,9,45.0
650,10,89.0
650,11,113.0
650,12,109.0
651,0,96.0
651,2,80.0
651,6,64.0
651,7,60.0
651,8,57.0
651,9,131.0
651,10,113.0
651,11,141.0
651,12,162.0
651,13,147.0
652,0,90.0
652,2,100.0
652,3,97.0
652,4,82.0
652,5,73.0
652,6,130.0
652,7,115.0
652,8,127.0
652,9,134.0
652,10,83.0
652,11,74.0
652,12,67.0
653,0,97.0
653,3,45.0
653,4,42.0
653,5,38.0
653,6,34.0
653,8,135.0
653,9,98.0
653,10,189.0
653,11,192.0
653,12,152.0
654,0,105.0
654,3,76.0
654,4,71.0
654,5,68.0
654,6,64.0
654,7,59.0
654,8,112.0
654,9,117.0
654,10,153.0
654,12,150.0
655,0,90.0
655,2,48.0
655,3,85.0
655,4,125.0
655,5,131.0
655,6,179.0
655,7,170.0
655,8,67.0
655,13,44.0
656,0,106.0
656,3,60.0
656,4,56.0
656,5,52.0
656,6,111.0
656,7,93.0
656,8,152.0
656,9,164.0
656,10,130.0
656,11,65.0
656,13,58.0
657,0,92.0
657,2,74.0
657,3,72.0
657,4,69.0
657,5,125.0
657,6,137.0
657,7,142.0
657,8,145.0
657,9,146.0
657,10,68.0
657,11,64.0
658,0,100.0
658,3,127.0
658,4,108.0
658,5,109.0
658,6,109.0
658,7,116.0
658,8,65.0
658,9,60.0
659,0,90.0
659,2,126.0
659,3,96.0
659,5,98.0
659,6,96.0
659,7,72.0
659,8,64.0
659,9,85.0
660,0,96.0
660,2,80.0
660,3,76.0
660,4,73.0
660,5,70.0
660,6,131.0
660,7,108.0
660,8,152.0
660,9,155.0
661,0,104.0
661,2,93.0
661,3,89.0
661,4,85.0
661,5,81.0
661,6,77.0
661,7,72.0
661,8,69.0
661,9,65.0
661,11,58.0
662,0,103.0
662,2,96.0
662,3,75.0
662,4,67.0
662,5,101.0
662,7,67.0
662,8,59.0
662,9,141.0
663,0,92.0
663,2,106.0
663,3,121.0
663,4,112.0
663,5,132.0
663,6,71.0
663,7,66.0
663,8,57.0
664,0,98.0
664,2,94.0
664,3,118.0
664,4,109.0
664,5,105.0
664,6,131.0
664,7,75.0
664,8,70.0
664,9,63.0
664,11,111.0
665,0,98.0
665,2,83.0
665,3,79.0
665,4,76.0
665,5,129.0
665,6,153.0
665,7,198.0
666,0,92.0
666,2,53.0
666,3,49.0
666,4,127.0
666,5,114.0
666,6,147.0
666,7,158.0
666,8,143.0
666,10,69.0
667,0,92.0
667,2,58.0
667,3,55.0
667,4,50.0
667,5,47.0
667,6,44.0
667,7,39.0
667,8,36.0
667,9,121.0
667,10,94.0
667,11,142.0
667,12,155.0
668,0,94.0
668,2,129.0
668,3,128.0
668,4,154.0
668,5,159.0
668,6,152.0
668,10,52.0
669,0,99.0
669,2,122.0
669,3,79.0
669,4,72.0
669,5,65.0
669,6,152.0
669,7,132.0
670,0,94.0
670,2,120.0
670,3,112.0
670,4,62.0
670,5,54.0
670,7,126.0
670,9,125.0
670,10,125.0
670,13,105.0
671,0,90.0
671,2,80.0
671,3,77.0
671,5,70.0
671,6,67.0
671,7,64.0
671,9,57.0
671,11,49.0
672,0,90.0
672,2,69.0
672,3,58.0
672,4,51.0
672,6,108.0
672,8,73.0
672,9,135.0
672,10,120.0
673,0,91.0
673,2,87.0
673,3,90.0
673,4,128.0
673,5,100.0
673,6,121.0
673,9,98.0
673,10,146.0
673,11,163.0
674,0,94.0
674,2,80.0
674,3,80.0
674,4,72.0
674,5,72.0
674,6,62.0
674,7,64.0
674,8,55.0
674,9,55.0
674,10,52.0
675,0,91.0
675,2,38.0
675,3,33.0
675,4,29.0
675,5,26.0
675,6,22.0
675,7,19.0
675,8,14.0
675,9,87.0
675,10,96.0
675,11,156.0
675,12,169.0
676,0,109.0
676,2,95.0
676,3,91.0
676,4,85.0
676,5,83.0
676,6,75.0
676,11,61.0
677,0,99.0
677,2,87.0
677,3,84.0
677,4,80.0
677,5,76.0
677,6,72.0
677,7,69.0
677,8,66.0
677,9,62.0
677,11,54.0
678,0,97.0
678,2,41.0
678,3,38.0
678,4,33.0
678,5,27.0
678,6,24.0
678,7,21.0
678,8,18.0
678,9,89.0
678,10,91.0
678,11,158.0
678,12,163.0
679,0,104.0
679,2,90.0
679,3,87.0
679,5,79.0
679,6,76.0
679,7,71.0
679,8,67.0
679,9,62.0
680,0,90.0
680,2,118.0
680,3,85.0
680,4,79.0
680,5,104.0
680,6,137.0
680,7,134.0
681,0,93.0
681,2,146.0
681,3,120.0
681,4,117.0
681,5,137.0
681,6,103.0
681,8,73.0
681,10,62.0
682,0,97.0
682,3,51.0
682,5,44.0
682,6,40.0
682,7,37.0
682,8,33.0
682,9,100.0
682,10,126.0
683,0,96.0
683,2,86.0
683,3,81.0
683,4,78.0
683,5,74.0
683,6,70.0
683,7,66.0
683,8,61.0
683,9,122.0
683,10,115.0
683,11,150.0
683,12,155.0
684,0,92.0
684,2,67.0
684,3,63.0
684,4,54.0
684,5,109.0
684,6,118.0
684,7,116.0
684,8,126.0
684,9,87.0
684,10,110.0
685,0,102.0
685,2,108.0
685,3,129.0
685,4,144.0
685,5,181.0
685,6,164.0
685,7,85.0
685,8,81.0
686,0,101.0
686,2,67.0
686,3,63.0
686,4,60.0
686,5,56.0
686,6,125.0
686,7,121.0
686,8,141.0
686,9,172.0
686,10,151.0
687,0,90.0
687,2,41.0
687,3,38.0
687,4,33.0
687,5,99.0
687,6,114.0
687,7,134.0
687,8,148.0
687,9,131.0
688,0,95.0
688,2,87.0
688,3,111.0
688,4,104.0
688,5,88.0
688,6,125.0
688,7,134.0
689,0,110.0
689,2,55.0
689,3,52.0
689,4,46.0
689,5,41.0
689,6,37.0
689,8,102.0
689,9,124.0
689,10,174.0
689,11,152.0
689,12,93.0
690,0,107.0
690,2,92.0
690,3,88.0
690,5,79.0
690,7,71.0
690,8,66.0
690,9,61.0
691,0,96.0
691,2,84.0
691,3,81.0
691,4,77.0
691,5,72.0
691,6,69.0
691,7,65.0
691,8,62.0
691,9,59.0
692,0,101.0
692,2,91.0
692,3,87.0
692,5,79.0
692,6,75.0
692,7,71.0
692,8,67.0
692,9,63.0
693,0,97.0
693,2,109.0
693,3,100.0
693,4,99.0
693,5,113.0
693,6,105.0
693,7,77.0
693,8,69.0
693,9,61.0
693,10,92.0
693,11,65.0
693,13,105.0
694,0,90.0
694,2,53.0
694,4,45.0
694,5,40.0
694,6,35.0
694,7,113.0
694,9,151.0
694,10,153.0
694,11,151.0
695,0,96.0
695,2,80.0
695,4,73.0
695,5,70.0
695,6,67.0
695,7,111.0
695,8,112.0
695,9,142.0
695,10,179.0
695,11,153.0
696,0,98.0
696,2,104.0
696,3,61.0
696,4,57.0
696,5,97.0
696,6,96.0
696,7,111.0
696,8,70.0
696,9,61.0
696,10,51.0
696,11,98.0
696,13,125.0
697,0,90.0
697,2,86.0
697,3,124.0
697,4,111.0
697,5,88.0
697,6,86.0
697,7,122.0
697,8,68.0
697,10,56.0
698,0,91.0
698,2,59.0
698,3,53.0
698,4,48.0
698,5,45.0
698,6,40.0
698,7,36.0
698,8,30.0
698,10,137.0
699,0,107.0
699,2,95.0
699,3,91.0
699,4,87.0
699,5,82.0
699,6,78.0
699,7,73.0
699,8,68.0
699,9,63.0
699,10,58.0
700,0,107.0
700,2,80.0
700,3,76.0
700,4,72.0
700,6,110.0
700,7,144.0
700,8,162.0
701,0,103.0
701,2,92.0
701,3,87.0
701,4,84.0
701,5,80.0
701,6,76.0
701,7,73.0
702,0,98.0
702,2,97.0
702,3,93.0
702,4,89.0
702,5,85.0
702,6,80.0
702,8,159.0
702,10,166.0
703,0,99.0
703,2,65.0
703,3,61.0
703,4,58.0
703,5,53.0
703,6,49.0
703,7,123.0
703,8,104.0
703,9,163.0
703,10,166.0
704,0,95.0
704,2,121.0
704,3,100.0
704,4,126.0
704,5,124.0
704,8,50.0
704,9,126.0
704,13,70.0
705,0,90.0
705,2,90.0
705,3,85.0
705,4,80.0
705,5,77.0
705,6,73.0
705,7,69.0
705,8,64.0
705,9,59.0
706,0,90.0
706,2,125.0
706,3,63.0
706,4,57.0
706,5,50.0
706,6,113.0
706,7,121.0
706,8,124.0
706,9,121.0
706,10,140.0
707,0,91.0
707,5,44.0
707,6,41.0
707,7,123.0
707,8,100.0
707,9,147.0
707,10,160.0
708,0,100.0
708,2,61.0
708,3,55.0
708,4,51.0
708,5,95.0
708,6,71.0
708,8,110.0
708,9,103.0
709,0,99.0
709,2,136.0
709,3,120.0
709,4,97.0
709,5,73.0
709,6,65.0
709,7,61.0
709,8,104.0
709,9,135.0
710,0,90.0
710,2,41.0
710,3,38.0
710,4,95.0
710,5,115.0
710,6,126.0
710,7,134.0
711,0,90.0
711,2,131.0
711,3,132.0
711,5,154.0
711,7,87.0
711,9,78.0
711,10,75.0
712,0,90.0
712,2,91.0
712,3,86.0
712,4,82.0
712,5,78.0
712,6,74.0
712,7,70.0
712,8,66.0
712,9,62.0
712,10,58.0
712,11,55.0
712,12,51.0
713,0,100.0
713,2,43.0
713,3,39.0
713,4,35.0
713,5,30.0
713,6,26.0
713,7,117.0
713,8,107.0
713,9,149.0
713,10,162.0
714,0,110.0
714,2,98.0
714,3,94.0
714,6,80.0
714,7,74.0
714,8,71.0
714,9,65.0
715,0,105.0
715,2,53.0
715,3,49.0
715,4,134.0
715,5,117.0
715,6,151.0
715,7,164.0
716,0,90.0
716,2,114.0
716,3,101.0
716,4,124.0
716,5,61.0
716,7,46.0
716,8,101.0
716,9,121.0
716,10,116.0
716,11,60.0
716,12,52.0
716,13,113.0
717,0,101.0
717,2,88.0
717,3,84.0
717,4,79.0
717,5,74.0
717,8,62.0
717,11,33.0
718,0,95.0
718,3,63.0
718,4,60.0
718,5,55.0
718,7,123.0
718,8,138.0
718,9,168.0
719,0,109.0
719,2,94.0
719,3,92.0
719,4,87.0
719,5,82.0
719,6,78.0
719,7,74.0
719,8,74.0
719,9,69.0
719,10,60.0
720,0,101.0
720,2,88.0
720,3,84.0
720,4,79.0
720,5,75.0
720,6,71.0
720,7,68.0
720,8,63.0
720,9,59.0
721,0,92.0
721,2,121.0
721,3,100.0
721,4,97.0
721,5,95.0
721,7,55.0
721,8,92.0
721,9,91.0
722,0,98.0
722,2,50.0
722,3,47.0
722,4,44.0
722,5,39.0
722,6,36.0
722,7,32.0
722,8,114.0
722,9,89.0
722,10,158.0
722,11,188.0
723,0,100.0
723,2,90.0
723,3,87.0
723,4,84.0
723,5,80.0
723,6,139.0
723,7,194.0
724,0,98.0
724,3,72.0
724,4,68.0
724,5,129.0
724,6,79.0
724,7,69.0
724,9,104.0
724,11,127.0
724,12,100.0
724,13,95.0
725,0,96.0
725,2,69.0
725,3,64.0
725,4,59.0
725,5,54.0
725,6,51.0
725,7,46.0
725,8,42.0
725,9,107.0
725,10,111.0
725,11,144.0
725,12,163.0
726,0,97.0
726,2,85.0
726,3,67.0
726,4,40.0
726,5,114.0
726,6,127.0
726,7,134.0
727,0,90.0
727,3,88.0
727,4,119.0
727,5,67.0
727,6,62.0
727,7,113.0
727,11,94.0
727,12,124.0
727,13,105.0
728,0,96.0
728,2,76.0
728,3,73.0
728,4,68.0
728,5,63.0
728,6,61.0
728,7,56.0
728,8,52.0
728,9,99.0
728,10,116.0
728,11,136.0
728,12,139.0
729,0,93.0
729,2,101.0
729,4,66.0
729,6,118.0
729,7,123.0
729,8,94.0
729,9,103.0
730,0,101.0
730,2,87.0
730,3,82.0
730,4,79.0
730,5,76.0
730,6,72.0
730,7,69.0
730,8,64.0
730,9,60.0
730,11,53.0
730,12,45.0
730,13,45.0
731,0,109.0
731,3,63.0
731,4,60.0
731,5,55.0
731,6,51.0
731,7,46.0
731,8,41.0
731,9,149.0
731,10,134.0
731,11,160.0
731,12,195.0
732,0,110.0
732,2,73.0
732,3,69.0
732,4,65.0
732,5,60.0
732,6,55.0
732,7,50.0
732,8,146.0
732,9,121.0
732,10,154.0
732,11,155.0
733,0,94.0
733,2,61.0
733,3,53.0
733,4,92.0
733,5,110.0
733,6,129.0
733,7,71.0
733,8,67.0
733,9,60.0
733,10,94.0
733,12,97.0
733,13,95.0
734,0,106.0
734,2,68.0
734,3,65.0
734,4,83.0
734,5,88.0
734,6,142.0
734,7,153.0
734,8,151.0
735,0,93.0
735,3,54.0
735,4,51.0
735,5,92.0
735,8,162.0
735,10,85.0
735,12,71.0
735,13,73.0
736,0,90.0
736,2,83.0
736,3,113.0
736,4,123.0
736,5,165.0
736,6,189.0
736,8,89.0
737,0,90.0
737,2,86.0
737,3,82.0
737,4,77.0
737,5,74.0
737,6,70.0
737,7,66.0
737,8,63.0
737,9,58.0
738,0,90.0
738,5,122.0
738,7,102.0
738,9,53.0
738,10,47.0
738,11,117.0
738,13,51.0
739,0,103.0
739,2,133.0
739,3,80.0
739,4,74.0
739,5,66.0
739,7,95.0
739,8,127.0
740,0,100.0
740,2,88.0
740,3,83.0
740,4,80.0
740,5,75.0
740,6,72.0
740,7,67.0
741,0,98.0
741,2,79.0
741,3,75.0
741,4,71.0
741,5,126.0
741,6,93.0
741,7,140.0
741,8,142.0
742,0,90.0
742,2,128.0
742,3,105.0
742,5,75.0
742,7,103.0
742,8,105.0
742,11,83.0
742,13,69.0
743,0,91.0
743,2,83.0
743,3,79.0
743,4,76.0
743,5,73.0
743,6,70.0
743,8,62.0
744,0,98.0
744,2,75.0
744,4,72.0
744,5,69.0
744,6,65.0
744,7,62.0
744,8,115.0
744,9,97.0
744,10,135.0
745,0,93.0
745,2,75.0
745,3,71.0
745,4,67.0
745,5,63.0
745,6,59.0
745,7,127.0
746,0,90.0
746,3,131.0
746,4,128.0
746,5,107.0
746,6,138.0
746,7,79.0
746,8,68.0
746,9,145.0
746,10,133.0
747,0,109.0
747,2,96.0
747,3,92.0
747,4,87.0
747,5,82.0
747,7,73.0
747,8,70.0
747,9,64.0
747,10,60.0
747,11,56.0
748,0,91.0
748,2,81.0
748,3,77.0
748,4,73.0
748,5,69.0
748,6,65.0
748,7,61.0
748,8,57.0
748,9,53.0
748,10,48.0
749,0,99.0
749,2,124.0
749,4,99.0
749,6,63.0
749,7,53.0
749,8,93.0
749,9,139.0
749,10,66.0
749,11,59.0
749,13,102.0
750,0,99.0
750,2,114.0
750,3,67.0
750,4,58.0
750,5,51.0
750,6,119.0
750,7,129.0
751,0,93.0
751,2,89.0
751,4,99.0
751,5,59.0
751,7,127.0
751,8,69.0
751,9,62.0
751,10,52.0
751,11,98.0
752,0,104.0
752,2,142.0
752,4,104.0
752,5,74.0
752,6,62.0
752,7,132.0
752,8,138.0
752,9,125.0
753,0,98.0
753,2,88.0
753,3,83.0
753,4,80.0
753,5,77.0
753,6,72.0
753,7,69.0
753,8,66.0
753,9,63.0
754,0,90.0
754,2,75.0
754,3,72.0
754,5,65.0
754,6,62.0
754,7,58.0
754,8,54.0
754,9,124.0
755,0,97.0
755,2,122.0
755,3,126.0
755,4,107.0
755,5,98.0
755,6,65.0
755,7,58.0
755,8,94.0
756,0,93.0
756,2,42.0
756,3,39.0
756,4,36.0
756,5,30.0
756,6,27.0
756,7,99.0
756,8,128.0
756,9,153.0
756,10,160.0
756,12,25.0
757,0,99.0
757,2,54.0
757,3,50.0
757,4,45.0
757,5,41.0
757,6,36.0
757,7,33.0
757,8,123.0
757,9,106.0
757,10,152.0
757,11,177.0
757,12,151.0
758,0,94.0
758,3,55.0
758,5,48.0
758,6,44.0
758,7,112.0
758,8,99.0
758,9,134.0
758,10,154.0
758,12,78.0
758,13,74.0
759,0,106.0
759,2,98.0
759,3,126.0
759,4,145.0
759,5,104.0
759,6,133.0
759,7,115.0
760,0,109.0
760,2,112.0
760,3,136.0
760,4,115.0
760,5,125.0
760,6,77.0
760,7,67.0
760,8,60.0
760,9,101.0
760,10,99.0
760,11,81.0
761,0,99.0
761,2,48.0
761,3,45.0
761,4,41.0
761,5,36.0
761,6,31.0
761,7,27.0
761,8,23.0
761,9,136.0
761,10,129.0
761,11,139.0
762,0,104.0
762,2,144.0
762,3,144.0
762,4,68.0
762,5,60.0
762,6,51.0
762,7,96.0
762,8,127.0
763,0,94.0
763,2,93.0
763,3,89.0
763,4,85.0
763,5,80.0
763,6,76.0
763,7,72.0
763,8,67.0
763,9,62.0
763,10,59.0
763,12,49.0
763,13,45.0
764,0,92.0
764,2,71.0
764,3,66.0
764,4,62.0
764,5,58.0
764,6,53.0
764,7,48.0
764,8,128.0
764,9,145.0
764,10,150.0
764,12,151.0
764,13,81.0
765,0,91.0
765,2,47.0
765,3,43.0
765,4,39.0
765,5,36.0
765,6,36.0
765,7,29.0
765,8,101.0
765,9,101.0
765,10,137.0
765,11,138.0
766,0,105.0
766,2,122.0
766,3,113.0
766,4,67.0
766,5,58.0
766,6,49.0
766,7,137.0
766,8,122.0
766,9,117.0
766,10,107.0
766,11,79.0
767,0,97.0
767,2,64.0
767,3,61.0
767,4,57.0
767,5,53.0
767,6,49.0
767,7,45.0
767,8,98.0
767,9,104.0
767,10,135.0
767,11,137.0
768,0,92.0
768,2,56.0
768,3,52.0
768,4,49.0
768,5,139.0
768,6,129.0
768,7,167.0
768,10,68.0
768,11,64.0
768,12,59.0
768,13,54.0
769,0,99.0
769,2,85.0
769,3,81.0
769,4,78.0
769,5,74.0
769,7,68.0
769,8,63.0
769,9,59.0
770,0,94.0
770,2,57.0
770,3,53.0
770,4,48.0
770,5,131.0
770,6,115.0
770,7,133.0
771,0,98.0
771,2,83.0
771,3,131.0
771,4,93.0
771,5,160.0
771,6,165.0
771,7,157.0
771,8,53.0
771,9,47.0
771,11,39.0
771,12,72.0
771,13,63.0
772,0,101.0
772,2,134.0
772,3,79.0
772,4,69.0
772,6,128.0
772,7,135.0
772,8,64.0
772,9,61.0
772,10,56.0
772,11,132.0
772,12,103.0
773,0,94.0
773,2,152.0
773,3,150.0
773,5,181.0
773,7,80.0
773,9,73.0
773,10,69.0
773,11,63.0
774,0,96.0
774,2,110.0
774,3,101.0
774,4,61.0
774,5,55.0
774,6,49.0
774,7,100.0
775,0,100.0
775,2,67.0
775,3,63.0
775,4,59.0
775,5,56.0
775,6,53.0
775,7,49.0
775,8,46.0
775,9,109.0
775,10,120.0
775,11,161.0
776,0,98.0
776,2,112.0
776,3,117.0
776,4,92.0
776,5,113.0
776,6,96.0
776,7,135.0
777,0,92.0
777,2,80.0
777,3,76.0
777,4,72.0
777,5,69.0
777,6,66.0
777,7,62.0
777,8,58.0
777,9,54.0
778,0,91.0
778,2,115.0
778,3,97.0
778,4,88.0
778,5,105.0
778,7,64.0
778,9,126.0
778,11,53.0
779,0,93.0
779,2,119.0
779,3,92.0
779,4,101.0
779,5,108.0
779,6,59.0
779,7,53.0
779,8,119.0
780,0,93.0
780,2,104.0
780,3,143.0
780,4,138.0
780,6,67.0
780,7,59.0
780,8,129.0
781,0,98.0
781,2,128.0
781,3,100.0
781,4,74.0
781,5,67.0
781,6,99.0
781,7,135.0
781,8,69.0
781,9,63.0
781,10,55.0
781,11,94.0
781,12,129.0
782,0,94.0
782,2,53.0
782,3,50.0
782,4,96.0
782,5,86.0
782,6,135.0
782,7,183.0
783,0,95.0
783,2,94.0
783,3,89.0
783,4,85.0
783,5,82.0
783,6,77.0
783,7,74.0
784,0,93.0
784,2,131.0
784,3,132.0
784,4,107.0
784,5,78.0
784,6,69.0
784,7,92.0
784,9,62.0
784,10,56.0
784,11,127.0
784,13,134.0
785,0,101.0
785,2,77.0
785,3,72.0
785,4,68.0
785,5,64.0
785,6,122.0
785,7,95.0
785,8,142.0
785,9,151.0
786,0,98.0
786,2,91.0
786,3,87.0
786,4,83.0
786,5,78.0
786,6,73.0
786,7,70.0
786,8,66.0
786,9,61.0
786,10,53.0
787,0,101.0
787,2,56.0
787,3,52.0
787,4,49.0
787,5,45.0
787,6,40.0
787,7,37.0
787,8,34.0
787,9,103.0
787,10,125.0
787,11,152.0
787,12,199.0
788,0,103.0
788,2,123.0
788,3,64.0
788,4,60.0
788,5,53.0
788,6,113.0
788,7,135.0
789,0,90.0
789,3,107.0
789,5,66.0
789,7,114.0
789,9,59.0
789,11,115.0
789,13,104.0
790,0,94.0
790,2,83.0
790,3,79.0
790,4,75.0
790,5,70.0
790,6,66.0
790,7,62.0
790,8,58.0
790,9,55.0
790,10,51.0
790,11,48.0
790,13,41.0
791,0,93.0
791,2,82.0
791,3,79.0
791,4,76.0
791,5,72.0
791,6,68.0
791,7,65.0
791,8,62.0
791,9,58.0
791,10,52.0
792,0,110.0
792,2,78.0
792,3,73.0
792,4,69.0
792,5,65.0
792,6,148.0
792,7,151.0
792,8,155.0
792,9,196.0
792,10,158.0
793,0,102.0
793,4,113.0
793,6,180.0
793,7,154.0
793,8,87.0
793,9,83.0
793,10,78.0
794,0,100.0
794,2,53.0
794,3,49.0
794,4,46.0
794,5,128.0
794,6,94.0
794,7,144.0
794,8,198.0
795,0,105.0
795,2,92.0
795,3,88.0
795,4,84.0
795,5,80.0
795,6,76.0
795,7,72.0
795,8,68.0
795,9,63.0
795,10,59.0
795,11,56.0
796,0,90.0
796,2,72.0
796,3,69.0
796,4,66.0
796,5,62.0
796,10,55.0
796,11,182.0
797,0,101.0
797,2,89.0
797,3,85.0
797,4,81.0
797,5,78.0
797,6,75.0
797,7,71.0
797,8,67.0
797,9,64.0
798,0,105.0
798,2,94.0
798,3,90.0
798,4,87.0
798,5,121.0
798,6,126.0
798,7,192.0
798,8,199.0
798,9,172.0
798,10,98.0
798,11,93.0
799,0,104.0
799,2,58.0
799,3,134.0
799,4,123.0
799,5,180.0
799,6,185.0
799,7,162.0
799,8,87.0
800,0,109.0
800,2,96.0
800,3,92.0
800,4,83.0
800,5,82.0
800,6,79.0
800,7,75.0
801,0,94.0
801,2,92.0
801,3,90.0
801,4,105.0
801,5,128.0
801,6,130.0
801,7,118.0
802,0,92.0
802,2,62.0
802,3,59.0
802,4,131.0
802,5,103.0
802,6,166.0
802,7,182.0
802,8,65.0
802,9,60.0
802,10,50.0
802,11,55.0
803,0,96.0
803,2,97.0
803,3,87.0
803,4,97.0
803,5,63.0
803,6,58.0
803,7,104.0
803,8,125.0
804,0,104.0
804,2,115.0
804,3,92.0
804,4,145.0
804,5,67.0
804,6,61.0
804,7,55.0
804,8,139.0
804,11,101.0
804,13,75.0
805,0,107.0
805,2,117.0
805,3,76.0
805,4,71.0
805,5,98.0
805,6,106.0
805,7,102.0
805,10,142.0
806,0,100.0
806,2,42.0
806,3,37.0
806,4,32.0
806,5,29.0
806,6,26.0
806,7,132.0
806,8,112.0
806,9,145.0
806,10,187.0
806,11,144.0
807,0,94.0
807,2,94.0
807,3,90.0
807,4,86.0
807,5,81.0
807,6,76.0
807,7,72.0
807,8,67.0
807,9,62.0
807,10,57.0
808,0,97.0
808,2,126.0
808,4,125.0
808,5,93.0
808,6,70.0
808,7,61.0
808,8,54.0
808,9,90.0
808,11,54.0
809,0,95.0
809,2,84.0
809,3,81.0
809,4,77.0
809,5,74.0
809,6,70.0
809,7,67.0
809,8,63.0
809,9,59.0
810,0,94.0
810,3,64.0
810,4,59.0
810,5,50.0
810,7,105.0
810,10,60.0
810,11,56.0
810,12,91.0
811,0,102.0
811,2,82.0
811,3,79.0
811,4,74.0
811,5,97.0
811,6,112.0
811,7,155.0
811,8,175.0
811,9,145.0
811,10,51.0
812,0,91.0
812,2,84.0
812,3,80.0
812,4,75.0
812,5,72.0
812,6,68.0
812,7,64.0
812,8,106.0
812,9,147.0
812,10,148.0
812,11,144.0
813,0,109.0
813,2,126.0
813,3,144.0
813,4,140.0
813,5,123.0
813,6,86.0
813,8,99.0
813,10,63.0
813,12,117.0
814,0,95.0
814,2,84.0
814,3,79.0
814,4,76.0
814,5,72.0
814,6,68.0
814,8,61.0
814,10,54.0
814,11,50.0
815,0,92.0
815,2,106.0
815,3,116.0
815,4,107.0
815,5,112.0
815,6,84.0
815,7,121.0
816,0,103.0
816,2,46.0
816,3,41.0
816,4,38.0
816,5,34.0
816,6,29.0
816,7,26.0
816,8,22.0
816,9,136.0
816,10,116.0
816,11,148.0
816,12,156.0
817,0,100.0
817,2,139.0
817,3,116.0
817,4,120.0
817,5,93.0
817,6,118.0
817,7,130.0
818,0,94.0
818,2,85.0
818,3,81.0
818,4,76.0
818,5,72.0
818,6,67.0
818,7,64.0
818,8,59.0
818,10,52.0
819,0,93.0
819,2,80.0
819,3,77.0
819,4,73.0
819,5,68.0
819,6,64.0
819,7,61.0
819,8,58.0
819,9,55.0
820,0,93.0
820,2,96.0
820,3,92.0
820,4,87.0
820,5,82.0
820,6,77.0
820,7,74.0
820,8,70.0
820,9,112.0
821,0,99.0
821,2,115.0
821,3,76.0
821,4,68.0
821,6,127.0
821,7,123.0
821,8,125.0
821,9,131.0
821,10,81.0
821,11,75.0
821,12,68.0
822,0,109.0
822,3,73.0
822,4,63.0
822,5,56.0
822,6,129.0
822,8,106.0
822,9,126.0
822,10,140.0
822,11,150.0
823,0,101.0
823,3,75.0
823,4,71.0
823,5,94.0
823,7,151.0
823,8,172.0
823,9,164.0
824,0,106.0
824,2,93.0
824,3,88.0
824,4,84.0
824,5,79.0
824,7,71.0
824,9,62.0
824,10,58.0
824,11,53.0
825,0,91.0
825,2,56.0
825,5,44.0
825,8,114.0
825,9,113.0
825,10,175.0
825,11,183.0
826,0,98.0
826,2,133.0
826,3,98.0
826,4,68.0
826,5,58.0
826,6,49.0
826,8,129.0
826,10,102.0
827,0,91.0
827,2,86.0
827,3,82.0
827,4,77.0
827,5,72.0
827,6,69.0
827,7,65.0
827,8,61.0
827,9,58.0
828,0,92.0
828,2,80.0
828,3,77.0
828,4,73.0
828,5,70.0
828,6,68.0
828,7,66.0
828,8,59.0
828,9,112.0
828,10,171.0
829,0,96.0
829,2,84.0
829,3,88.0
829,6,164.0
829,7,95.0
829,8,64.0
829,9,75.0
829,10,73.0
829,12,50.0
829,13,81.0
830,0,90.0
830,2,65.0
830,3,61.0
830,4,58.0
830,5,86.0
830,6,86.0
830,7,143.0
831,0,97.0
831,2,85.0
831,3,81.0
831,5,74.0
831,6,70.0
831,7,134.0
831,8,93.0
831,9,142.0
831,10,149.0
832,0,97.0
832,2,87.0
832,3,83.0
832,4,79.0
832,5,75.0
832,6,71.0
832,7,68.0
832,8,64.0
832,9,61.0
832,10,57.0
832,11,57.0
833,0,99.0
833,2,129.0
833,3,90.0
833,4,119.0
833,5,99.0
833,6,107.0
833,7,63.0
833,8,53.0
833,9,44.0
833,10,96.0
833,11,122.0
833,13,62.0
834,0,92.0
834,2,118.0
834,3,124.0
834,4,127.0
834,5,70.0
834,6,65.0
834,7,57.0
834,8,115.0
834,9,89.0
834,13,120.0
835,0,93.0
835,2,50.0
835,3,46.0
835,4,42.0
835,5,39.0
835,6,124.0
835,8,131.0
835,12,80.0
836,0,100.0
836,2,74.0
836,3,70.0
836,4,66.0
836,5,62.0
836,8,140.0
836,9,167.0
836,10,177.0
836,11,154.0
837,0,93.0
837,2,91.0
837,3,87.0
837,4,83.0
837,5,78.0
837,6,75.0
837,7,70.0
837,8,67.0
837,9,121.0
838,0,109.0
838,2,95.0
838,3,90.0
838,4,86.0
838,5,82.0
838,6,78.0
838,7,75.0
838,8,71.0
838,9,67.0
838,10,64.0
839,0,97.0
839,2,79.0
839,3,75.0
839,4,71.0
839,5,66.0
839,6,128.0
839,8,186.0
839,11,90.0
839,13,83.0
840,0,92.0
840,2,101.0
840,3,106.0
840,4,129.0
840,5,95.0
840,7,66.0
840,8,125.0
840,9,60.0
840,10,191.0
840,11,130.0
840,12,200.0
840,13,190.0
841,0,96.0
841,2,96.0
841,4,85.0
841,5,96.0
841,6,65.0
841,7,57.0
841,8,48.0
841,9,90.0
841,11,53.0
841,13,109.0
842,0,90.0
842,2,73.0
842,3,69.0
842,4,64.0
842,5,60.0
842,6,55.0
842,7,52.0
842,9,146.0
843,0,93.0
843,2,142.0
843,3,122.0
843,4,120.0
843,5,114.0
843,6,75.0
843,7,66.0
843,8,56.0
843,9,130.0
844,0,104.0
844,2,121.0
844,3,109.0
844,5,63.0
844,6,57.0
844,7,115.0
844,8,101.0
844,9,77.0
844,10,67.0
844,11,60.0
844,12,130.0
845,0,90.0
845,2,95.0
845,3,91.0
845,4,86.0
845,5,82.0
845,6,78.0
845,7,75.0
845,8,71.0
845,9,68.0
846,0,92.0
846,2,84.0
846,3,126.0
846,4,103.0
846,5,101.0
846,6,60.0
846,7,51.0
846,8,97.0
846,9,128.0
846,10,84.0
846,11,74.0
846,12,65.0
847,0,91.0
847,2,130.0
847,3,105.0
847,4,71.0
847,5,63.0
847,6,58.0
847,7,114.0
847,8,68.0
847,9,62.0
847,10,127.0
847,12,94.0
848,0,108.0
848,2,135.0
848,3,132.0
848,4,120.0
848,5,112.0
848,6,102.0
848,7,99.0
848,8,67.0
848,9,62.0
848,10,147.0
848,11,149.0
849,0,95.0
849,2,63.0
849,3,58.0
849,4,129.0
849,5,103.0
849,6,156.0
849,7,157.0
849,8,153.0
849,9,82.0
849,10,78.0
850,0,94.0
850,2,89.0
850,3,86.0
850,4,82.0
850,6,74.0
850,7,70.0
850,10,52.0
851,0,110.0
851,2,95.0
851,3,90.0
851,4,86.0
851,5,82.0
851,6,79.0
851,7,74.0
851,8,71.0
851,9,64.0
852,0,97.0
852,2,85.0
852,3,82.0
852,5,74.0
852,6,71.0
852,7,68.0
852,8,64.0
852,9,60.0
853,0,90.0
853,2,92.0
853,3,89.0
853,4,84.0
853,5,80.0
853,6,76.0
853,7,72.0
853,8,68.0
853,9,63.0
853,10,59.0
853,11,54.0
853,12,49.0
854,0,95.0
854,5,43.0
854,6,40.0
854,7,129.0
854,8,100.0
854,9,133.0
854,10,135.0
855,0,93.0
855,2,122.0
855,3,108.0
855,4,131.0
855,5,86.0
855,6,95.0
855,7,95.0
855,8,65.0
856,0,108.0
856,2,121.0
856,3,115.0
856,4,124.0
856,5,85.0
856,6,77.0
856,8,146.0
856,10,120.0
857,0,108.0
857,3,53.0
857,5,46.0
857,6,41.0
857,7,37.0
857,8,93.0
857,9,105.0
857,10,143.0
857,11,161.0
857,12,158.0
857,13,72.0
858,0,110.0
858,2,147.0
858,3,115.0
858,4,164.0
858,5,172.0
858,6,165.0
858,8,66.0
859,0,96.0
859,2,70.0
859,3,66.0
859,4,95.0
859,5,134.0
859,6,136.0
859,7,140.0
860,0,92.0
860,2,49.0
860,3,45.0
860,4,41.0
860,5,112.0
860,6,108.0
860,7,135.0
861,0,106.0
861,2,144.0
861,3,77.0
861,4,71.0
861,5,128.0
861,6,102.0
861,7,118.0
861,8,137.0
861,9,100.0
861,10,134.0
861,11,76.0
862,0,107.0
862,2,94.0
862,3,89.0
862,4,86.0
862,5,82.0
862,6,77.0
862,7,73.0
862,8,68.0
862,9,65.0
863,0,90.0
863,2,87.0
863,3,84.0
863,4,81.0
863,5,77.0
863,6,72.0
863,7,142.0
863,8,64.0
863,9,60.0
864,0,94.0
864,2,105.0
864,3,113.0
864,4,114.0
864,5,89.0
864,6,121.0
864,7,88.0
864,8,60.0
864,9,80.0
865,0,108.0
865,3,70.0
865,4,66.0
865,5,61.0
865,7,51.0
865,10,124.0
865,11,172.0
866,0,101.0
866,2,74.0
866,3,64.0
866,4,108.0
866,5,110.0
866,6,138.0
866,7,115.0
866,10,67.0
866,11,60.0
866,13,139.0
867,0,110.0
867,2,73.0
867,3,69.0
867,4,147.0
867,5,129.0
867,6,157.0
867,7,158.0
868,0,90.0
868,2,90.0
868,4,82.0
868,5,77.0
868,6,72.0
868,7,68.0
868,8,63.0
868,9,59.0
868,10,55.0
869,0,93.0
869,2,82.0
869,3,78.0
869,4,74.0
869,5,92.0
869,6,113.0
869,7,137.0
869,8,145.0
870,0,92.0
870,2,80.0
870,3,76.0
870,4,73.0
870,5,69.0
870,6,65.0
870,7,62.0
870,8,57.0
870,9,54.0
870,10,50.0
871,0,100.0
871,2,68.0
871,3,63.0
871,4,59.0
871,5,101.0
871,6,93.0
871,7,141.0
872,0,96.0
872,2,146.0
872,3,120.0
872,4,94.0
872,5,85.0
872,6,73.0
872,7,60.0
872,8,93.0
873,0,90.0
873,2,104.0
873,3,108.0
873,5,131.0
873,7,69.0
873,8,122.0
873,9,82.0
873,10,74.0
873,11,67.0
873,12,131.0
873,13,135.0
874,0,100.0
874,4,80.0
874,5,71.0
874,6,112.0
874,7,116.0
874,9,105.0
874,10,70.0
874,11,62.0
874,13,97.0
875,0,105.0
875,3,89.0
875,4,86.0
875,5,82.0
875,6,78.0
875,7,73.0
875,9,65.0
875,10,61.0
876,0,103.0
876,2,118.0
876,3,78.0
876,5,67.0
876,6,118.0
876,7,133.0
876,8,145.0
876,9,134.0
877,0,92.0
877,2,112.0
877,3,130.0
877,4,60.0
877,5,52.0
877,6,134.0
877,7,132.0
877,8,92.0
877,9,133.0
877,10,110.0
877,11,71.0
878,0,98.0
878,2,113.0
878,3,67.0
878,4,61.0
878,5,52.0
878,6,122.0
878,7,70.0
878,8,60.0
878,9,111.0
879,0,92.0
879,2,56.0
879,3,53.0
879,4,48.0
879,5,43.0
879,6,39.0
879,7,33.0
879,8,29.0
879,9,109.0
880,0,95.0
880,3,119.0
880,5,116.0
880,7,122.0
880,8,70.0
880,9,65.0
880,10,58.0
880,11,92.0
881,0,91.0
881,2,79.0
881,3,75.0
881,4,72.0
881,5,68.0
881,6,64.0
881,7,62.0
881,8,56.0
881,9,52.0
881,10,49.0
882,0,97.0
882,2,80.0
882,3,90.0
882,4,107.0
882,5,142.0
882,6,145.0
882,7,139.0
882,8,59.0
883,0,92.0
883,3,78.0
883,4,75.0
883,5,72.0
883,6,69.0
883,7,65.0
883,9,57.0
883,13,44.0
884,0,96.0
884,2,86.0
884,3,82.0
884,4,79.0
884,5,75.0
884,6,71.0
884,7,68.0
884,8,129.0
884,9,154.0
884,10,200.0
885,0,90.0
885,2,86.0
885,3,83.0
885,4,79.0
885,5,75.0
885,6,70.0
885,7,67.0
885,8,63.0
885,9,58.0
885,10,55.0
886,0,101.0
886,2,65.0
886,3,61.0
886,4,59.0
886,5,53.0
886,6,49.0
886,7,135.0
886,8,104.0
886,9,150.0
886,10,151.0
887,0,106.0
887,2,136.0
887,3,133.0
887,4,105.0
887,5,117.0
887,6,144.0
887,7,78.0
887,8,73.0
887,9,65.0
887,10,146.0
887,11,126.0
888,0,95.0
888,2,88.0
888,3,105.0
888,4,118.0
888,5,98.0
888,7,73.0
888,8,65.0
889,0,93.0
889,2,69.0
889,4,62.0
889,5,94.0
889,6,87.0
889,8,135.0
889,9,130.0
890,0,105.0
890,2,67.0
890,4,52.0
890,6,44.0
890,8,105.0
890,9,181.0
890,10,185.0
891,0,97.0
891,2,111.0
891,3,138.0
891,4,126.0
891,5,66.0
891,6,55.0
891,8,101.0
891,9,66.0
891,10,60.0
891,11,117.0
891,12,101.0
891,13,120.0
892,0,108.0
892,2,75.0
892,3,142.0
892,4,132.0
892,5,164.0
892,6,167.0
892,7,157.0
892,8,86.0
892,9,63.0
892,10,62.0
892,11,48.0
893,0,107.0
893,3,80.0
893,4,74.0
893,5,66.0
893,6,110.0
893,7,102.0
893,8,114.0
893,9,104.0
893,10,149.0
894,0,99.0
894,2,114.0
894,3,129.0
894,5,107.0
894,6,132.0
894,7,66.0
894,8,61.0
894,9,138.0
895,0,95.0
895,2,102.0
895,3,60.0
895,4,53.0
895,5,103.0
895,6,88.0
895,7,130.0
895,8,91.0
895,9,124.0
895,10,71.0
895,11,66.0
895,12,59.0
896,0,106.0
896,2,75.0
896,3,69.0
896,4,61.0
896,5,106.0
896,6,114.0
896,7,68.0
896,8,62.0
896,9,109.0
896,10,148.0
897,0,95.0
897,2,81.0
897,3,78.0
897,4,73.0
897,5,69.0
897,6,66.0
897,7,61.0
897,8,56.0
897,9,52.0
898,0,91.0
898,2,92.0
898,3,118.0
898,4,75.0
898,6,116.0
898,7,132.0
898,8,120.0
898,9,110.0
899,0,103.0
899,2,89.0
899,3,85.0
899,4,80.0
899,5,76.0
899,6,76.0
899,7,69.0
899,8,64.0
899,9,61.0
899,10,57.0
900,0,101.0
900,2,127.0
900,3,114.0
900,4,127.0
900,5,116.0
900,6,108.0
900,7,79.0
900,9,66.0
900,10,93.0
900,11,130.0
901,0,93.0
901,2,56.0
901,3,53.0
901,4,48.0
901,5,45.0
901,6,40.0
901,7,37.0
901,8,101.0
901,9,91.0
901,10,143.0
901,11,186.0
902,0,95.0
902,2,82.0
902,4,105.0
902,5,104.0
902,6,137.0
902,7,142.0
902,10,47.0
903,0,92.0
903,2,81.0
903,3,78.0
903,4,71.0
903,5,72.0
903,6,67.0
903,7,64.0
904,0,93.0
904,2,50.0
904,3,47.0
904,4,94.0
904,5,121.0
904,6,159.0
904,7,161.0
904,8,151.0
905,0,90.0
905,2,52.0
905,3,51.0
905,4,46.0
905,5,92.0
905,6,117.0
905,7,106.0
905,8,106.0
905,9,69.0
905,10,62.0
905,11,106.0
906,0,98.0
906,2,89.0
906,3,85.0
906,5,78.0
906,7,70.0
906,8,66.0
906,9,62.0
907,0,90.0
907,2,113.0
907,3,111.0
907,4,114.0
907,6,68.0
907,7,130.0
907,8,78.0
907,9,69.0
907,10,64.0
908,0,90.0
908,2,65.0
908,3,60.0
908,4,55.0
908,5,51.0
908,6,48.0
908,9,98.0
909,0,109.0
909,2,48.0
909,3,43.0
909,4,39.0
909,5,35.0
909,6,31.0
909,8,24.0
909,9,139.0
909,10,108.0
909,11,160.0
909,12,176.0
910,0,90.0
910,2,43.0
910,3,40.0
910,4,36.0
910,5,31.0
910,6,27.0
910,7,113.0
910,8,127.0
910,9,149.0
910,11,149.0
911,0,97.0
911,2,77.0
911,3,69.0
911,4,91.0
911,5,75.0
911,6,71.0
911,7,62.0
911,8,120.0
912,0,103.0
912,2,89.0
912,3,85.0
912,5,77.0
912,6,74.0
912,7,70.0
912,9,61.0
913,0,97.0
913,2,84.0
913,3,79.0
913,4,75.0
913,5,71.0
913,6,68.0
913,7,68.0
913,8,64.0
913,9,59.0
914,0,91.0
914,2,82.0
914,3,79.0
914,4,74.0
914,5,70.0
914,6,67.0
914,7,63.0
914,8,60.0
914,9,56.0
915,0,100.0
915,5,55.0
915,6,47.0
915,7,43.0
915,8,39.0
915,9,85.0
915,10,92.0
915,11,146.0
915,12,150.0
915,13,136.0
916,0,94.0
916,2,107.0
916,3,125.0
916,4,155.0
916,5,184.0
916,6,155.0
916,7,42.0
916,8,37.0
916,11,24.0
917,0,104.0
917,2,106.0
917,3,72.0
917,5,106.0
917,6,74.0
917,7,68.0
917,8,106.0
917,9,65.0
918,0,91.0
918,2,80.0
918,3,76.0
918,4,72.0
918,5,68.0
918,6,64.0
918,7,60.0
918,8,56.0
918,9,53.0
919,0,98.0
919,2,86.0
919,3,81.0
919,4,77.0
919,5,73.0
919,6,69.0
919,7,66.0
919,8,62.0
919,9,58.0
920,0,99.0
920,2,139.0
920,3,132.0
920,4,93.0
920,5,76.0
920,6,73.0
920,7,62.0
921,0,95.0
921,2,98.0
921,3,94.0
921,6,81.0
921,7,78.0
921,8,73.0
921,9,149.0
921,10,142.0
921,11,153.0
921,12,163.0
922,0,92.0
922,2,115.0
922,3,141.0
922,4,123.0
922,5,105.0
922,6,70.0
922,7,63.0
922,8,122.0
922,9,131.0
923,0,90.0
923,2,101.0
923,3,77.0
923,4,68.0
923,5,114.0
923,6,77.0
923,7,69.0
923,10,104.0
923,11,147.0
923,12,98.0
923,13,106.0
924,0,103.0
924,2,116.0
924,3,112.0
924,5,136.0
924,6,101.0
924,9,69.0
924,11,96.0
925,0,97.0
925,2,78.0
925,3,78.0
925,4,76.0
925,5,73.0
925,6,69.0
925,7,64.0
926,0,101.0
926,2,43.0
926,3,39.0
926,4,133.0
926,5,97.0
926,6,183.0
926,7,186.0
927,0,105.0
927,2,95.0
927,3,92.0
927,4,88.0
927,5,83.0
927,6,79.0
927,7,76.0
927,8,72.0
927,9,123.0
927,10,116.0
927,11,192.0
928,0,103.0
928,2,54.0
928,3,49.0
928,4,46.0
928,5,138.0
928,6,136.0
928,7,169.0
928,8,179.0
929,0,91.0
929,2,109.0
929,3,130.0
929,4,127.0
929,5,126.0
929,6,96.0
929,7,73.0
929,8,69.0
929,13,105.0
930,0,95.0
930,2,82.0
930,3,77.0
930,4,74.0
930,5,70.0
930,7,63.0
930,8,59.0
930,10,53.0
931,0,97.0
931,2,84.0
931,3,80.0
931,4,76.0
931,5,72.0
931,6,68.0
931,7,64.0
931,9,55.0
931,11,42.0
932,0,102.0
932,2,92.0
932,3,89.0
932,4,84.0
932,5,81.0
932,6,77.0
932,7,74.0
932,8,69.0
932,9,65.0
933,0,91.0
933,2,46.0
933,3,43.0
933,4,40.0
933,5,37.0
933,9,101.0
933,10,127.0
933,11,132.0
933,12,128.0
934,0,96.0
934,2,87.0
934,3,130.0
934,4,130.0
934,5,126.0
934,6,130.0
934,8,57.0
934,9,120.0
934,10,71.0
934,11,66.0
935,0,108.0
935,3,62.0
935,4,56.0
935,5,141.0
935,6,78.0
935,7,71.0
935,9,117.0
935,10,118.0
935,11,152.0
935,12,105.0
935,13,148.0
936,0,105.0
936,2,113.0
936,3,117.0
936,4,122.0
936,5,109.0
936,6,110.0
936,7,130.0
936,8,79.0
936,9,73.0
936,10,67.0
936,11,128.0
936,12,64.0
937,0,108.0
937,2,97.0
937,4,91.0
937,5,87.0
937,6,83.0
937,7,79.0
937,8,74.0
937,9,70.0
938,0,107.0
938,2,120.0
938,3,113.0
938,5,144.0
938,7,66.0
938,9,53.0
938,11,77.0
939,0,92.0
939,2,40.0
939,3,115.0
939,4,121.0
939,5,131.0
939,8,72.0
939,9,69.0
939,10,65.0
939,11,63.0
939,12,57.0
940,0,106.0
940,2,141.0
940,3,118.0
940,4,147.0
940,5,151.0
940,6,65.0
940,7,59.0
940,9,100.0
940,10,136.0
940,11,79.0
940,12,65.0
940,13,133.0
941,0,98.0
941,2,85.0
941,4,77.0
941,5,74.0
941,6,69.0
941,8,116.0
941,9,99.0
941,10,173.0
941,11,189.0
942,0,92.0
942,2,82.0
942,3,78.0
942,4,75.0
942,5,72.0
942,6,68.0
942,7,64.0
942,8,61.0
942,9,57.0
943,0,91.0
943,2,91.0
943,3,87.0
943,4,83.0
943,5,79.0
943,6,74.0
943,7,69.0
943,8,65.0
943,9,61.0
944,0,99.0
944,2,85.0
944,3,81.0
944,4,77.0
944,5,73.0
944,6,70.0
944,7,65.0
944,8,62.0
944,9,95.0
944,10,98.0
944,11,150.0
945,0,103.0
945,3,89.0
945,4,85.0
945,5,80.0
945,6,76.0
945,7,69.0
945,10,62.0
946,0,100.0
946,2,106.0
946,3,107.0
946,4,103.0
946,5,105.0
946,6,124.0
946,7,119.0
946,8,66.0
947,0,91.0
947,2,115.0
947,3,125.0
947,4,105.0
947,5,127.0
947,6,115.0
947,7,80.0
947,8,72.0
947,9,67.0
947,10,59.0
947,11,108.0
948,0,98.0
948,2,86.0
948,3,82.0
948,4,78.0
948,5,73.0
948,6,70.0
948,7,67.0
948,8,116.0
948,9,190.0
949,0,95.0
949,2,86.0
949,3,82.0
949,4,78.0
949,5,73.0
949,6,69.0
949,7,122.0
949,11,118.0
949,12,62.0
950,0,97.0
950,2,83.0
950,3,78.0
950,4,73.0
950,5,69.0
950,6,114.0
950,7,134.0
950,8,170.0
950,9,199.0
951,0,91.0
951,2,65.0
951,3,65.0
951,4,62.0
951,5,58.0
951,6,55.0
951,7,90.0
951,8,155.0
952,0,92.0
952,2,80.0
952,3,77.0
952,4,72.0
952,5,68.0
952,6,123.0
952,7,104.0
952,8,142.0
952,9,151.0
952,10,149.0
953,0,96.0
953,2,55.0
953,3,52.0
953,4,48.0
953,5,44.0
953,6,116.0
953,7,117.0
953,8,180.0
953,9,188.0
954,0,108.0
954,6,79.0
954,7,75.0
954,8,70.0
954,9,66.0
954,10,63.0
954,11,58.0
954,12,52.0
954,13,49.0
955,0,105.0
955,2,95.0
955,3,90.0
955,4,87.0
955,5,84.0
955,6,79.0
955,7,75.0
955,8,70.0
955,9,67.0
956,0,91.0
956,2,44.0
956,3,40.0
956,4,37.0
956,5,33.0
956,8,23.0
956,9,99.0
956,10,122.0
956,11,138.0
956,12,142.0
957,0,104.0
957,2,92.0
957,3,88.0
957,4,83.0
957,5,80.0
957,6,77.0
957,7,73.0
957,9,63.0
958,0,91.0
958,2,82.0
958,3,78.0
958,5,70.0
958,6,67.0
958,7,62.0
958,9,156.0
958,11,165.0
959,0,94.0
959,2,52.0
959,3,47.0
959,4,43.0
959,5,117.0
959,6,99.0
959,7,150.0
959,8,185.0
959,9,137.0
959,12,59.0
959,13,56.0
960,0,108.0
960,2,116.0
960,3,103.0
960,4,137.0
960,5,85.0
960,6,79.0
960,7,143.0
960,8,144.0
961,0,101.0
961,2,98.0
961,3,72.0
961,4,62.0
961,5,140.0
961,8,67.0
961,9,58.0
961,11,110.0
962,0,97.0
962,3,66.0
962,4,57.0
962,5,115.0
962,6,120.0
962,7,130.0
962,10,59.0
962,11,50.0
963,0,100.0
963,2,130.0
963,4,126.0
963,5,100.0
963,7,74.0
963,8,65.0
963,9,58.0
963,10,114.0
963,12,58.0
963,13,138.0
964,0,92.0
964,2,121.0
964,3,121.0
964,4,111.0
964,5,101.0
964,6,69.0
964,8,61.0
964,9,109.0
964,10,81.0
964,11,76.0
964,12,110.0
965,0,91.0
965,4,122.0
965,5,84.0
965,6,72.0
965,7,64.0
965,8,59.0
965,9,125.0
966,0,90.0
966,3,61.0
966,5,51.0
966,8,136.0
966,9,148.0
966,10,135.0
966,11,75.0
966,12,71.0
966,13,68.0
967,0,95.0
967,2,75.0
967,3,71.0
967,4,67.0
967,5,101.0
967,6,105.0
967,7,152.0
967,8,181.0
967,9,146.0
967,10,62.0
967,11,57.0
968,0,110.0
968,2,64.0
968,3,59.0
968,4,145.0
968,5,116.0
968,6,169.0
968,7,181.0
968,8,169.0
968,9,90.0
968,10,86.0
969,0,93.0
969,2,72.0
969,3,68.0
969,4,64.0
969,5,103.0
969,6,104.0
969,7,95.0
970,0,97.0
970,2,95.0
970,3,90.0
970,4,86.0
970,5,82.0
970,6,77.0
970,7,72.0
970,8,67.0
970,9,62.0
971,0,90.0
971,2,89.0
971,3,84.0
971,4,80.0
971,5,76.0
971,8,115.0
971,9,193.0
972,0,91.0
972,3,78.0
972,5,71.0
972,7,64.0
972,8,60.0
972,9,57.0
972,10,54.0
972,12,45.0
973,0,109.0
973,2,56.0
973,3,52.0
973,4,49.0
973,5,45.0
973,6,41.0
973,7,36.0
973,8,126.0
973,9,106.0
974,0,95.0
974,2,80.0
974,3,77.0
974,4,122.0
974,5,88.0
974,6,138.0
974,7,143.0
974,8,134.0
974,9,77.0
975,0,99.0
975,2,66.0
975,3,61.0
975,4,58.0
975,5,54.0
975,6,51.0
975,7,134.0
975,11,140.0
976,0,90.0
976,2,141.0
976,3,125.0
976,4,125.0
976,5,107.0
976,6,67.0
976,7,61.0
976,8,51.0
976,9,110.0
976,10,78.0
976,11,38.0
977,0,93.0
977,2,80.0
977,3,75.0
977,4,71.0
977,5,68.0
977,6,64.0
977,7,61.0
977,8,57.0
977,9,53.0
977,10,49.0
978,0,91.0
978,2,50.0
978,3,45.0
978,4,97.0
978,6,141.0
978,7,147.0
978,9,74.0
978,11,65.0
978,12,61.0
979,0,108.0
979,2,142.0
979,3,142.0
979,4,124.0
979,5,84.0
979,7,66.0
979,8,99.0
979,9,144.0
979,10,71.0
979,11,68.0
980,0,91.0
980,2,75.0
980,3,71.0
980,4,67.0
980,5,64.0
980,7,58.0
980,8,54.0
980,9,110.0
980,10,119.0
980,11,129.0
980,12,131.0
980,13,127.0
981,0,91.0
981,2,53.0
981,3,49.0
981,4,45.0
981,5,123.0
981,6,127.0
981,7,131.0
981,8,142.0
982,0,102.0
982,3,87.0
982,4,84.0
982,6,76.0
982,7,71.0
982,8,67.0
982,9,63.0
983,0,96.0
983,2,83.0
983,3,80.0
983,4,75.0
983,5,72.0
983,6,68.0
983,7,65.0
983,8,128.0
983,9,121.0
983,10,155.0
983,11,179.0
984,0,90.0
984,2,81.0
984,3,78.0
984,4,75.0
984,5,71.0
984,6,67.0
984,7,64.0
984,8,60.0
984,9,56.0
985,0,105.0
985,2,96.0
985,3,91.0
985,4,87.0
985,5,82.0
985,6,78.0
985,7,73.0
985,8,70.0
985,9,66.0
985,12,53.0
986,0,90.0
986,2,83.0
986,3,80.0
986,4,76.0
986,5,72.0
986,6,68.0
986,9,125.0
987,0,91.0
987,2,81.0
987,3,78.0
987,4,75.0
987,5,71.0
987,8,61.0
987,10,178.0
988,0,97.0
988,2,61.0
988,3,56.0
988,4,51.0
988,5,149.0
988,6,145.0
988,7,162.0
988,8,185.0
989,0,91.0
989,2,97.0
989,3,118.0
989,4,123.0
989,5,68.0
989,6,61.0
989,7,53.0
989,9,101.0
989,10,97.0
989,11,120.0
990,0,106.0
990,2,96.0
990,3,92.0
990,4,87.0
990,5,84.0
990,6,79.0
990,7,126.0
990,8,184.0
991,0,99.0
991,2,121.0
991,3,78.0
991,4,74.0
991,5,69.0
991,8,118.0
991,9,92.0
991,10,75.0
991,11,66.0
991,12,126.0
992,0,92.0
992,2,90.0
992,3,86.0
992,4,81.0
992,5,78.0
992,6,73.0
992,7,68.0
992,8,64.0
992,10,57.0
993,0,109.0
993,2,94.0
993,3,88.0
993,4,85.0
993,5,80.0
993,6,76.0
993,7,71.0
993,8,67.0
993,9,62.0
993,10,58.0
993,11,54.0
994,0,95.0
994,3,42.0
994,4,37.0
994,5,34.0
994,6,30.0
994,7,25.0
994,9,112.0
994,10,135.0
994,11,138.0
995,0,109.0
995,2,135.0
995,3,142.0
995,4,180.0
995,5,180.0
995,6,170.0
995,7,76.0
995,8,67.0
995,9,67.0
995,10,58.0
996,0,102.0
996,2,106.0
996,3,66.0
996,4,56.0
996,5,106.0
996,8,53.0
996,9,114.0
996,10,126.0
996,11,139.0
997,0,95.0
997,2,64.0
997,3,61.0
997,4,57.0
997,5,53.0
997,6,48.0
997,7,44.0
997,8,111.0
997,9,90.0
997,10,133.0
997,11,141.0
997,12,134.0
998,0,100.0
998,2,57.0
998,3,53.0
998,4,49.0
998,5,44.0
998,6,39.0
998,7,36.0
998,8,32.0
998,9,124.0
998,10,93.0
998,11,158.0
998,12,175.0
999,0,92.0
999,2,99.0
999,3,100.0
999,4,68.0
999,5,64.0
999,7,115.0
999,9,128.0
1000,0,100.0
1000,2,78.0
1000,4,71.0
1000,5,65.0
1000,6,63.0
1000,7,58.0
1000,8,55.0
1000,9,51.0
1000,12,171.0
1001,0,93.0
1001,2,128.0
1001,3,119.0
1001,4,66.0
1001,5,61.0
1001,6,115.0
1001,7,94.0
1001,8,118.0
1001,9,106.0
1002,0,90.0
1002,2,75.0
1002,3,71.0
1002,4,68.0
1002,5,104.0
1002,6,92.0
1002,7,171.0
1002,8,200.0
1002,9,141.0
1002,10,78.0
1002,12,78.0
1002,13,71.0
1003,0,93.0
1003,2,107.0
1003,3,73.0
1003,4,69.0
1003,5,62.0
1003,6,113.0
1003,7,108.0
1003,8,67.0
1003,9,62.0
1004,0,108.0
1004,2,131.0
1004,3,109.0
1004,4,72.0
1004,5,67.0
1004,6,139.0
1004,7,126.0
1004,8,144.0
1004,9,119.0
1005,0,99.0
1005,2,88.0
1005,3,85.0
1005,4,81.0
1005,5,77.0
1005,6,74.0
1005,7,70.0
1005,8,66.0
1005,9,62.0
1005,10,57.0
1005,11,52.0
1005,13,44.0
1006,0,92.0
1006,2,108.0
1006,3,98.0
1006,4,59.0
1006,5,53.0
1006,6,58.0
1006,8,125.0
1006,9,85.0
1006,12,112.0
1007,0,100.0
1007,2,86.0
1007,3,83.0
1007,4,79.0
1007,5,74.0
1007,6,70.0
1007,7,66.0
1008,0,109.0
1008,2,58.0
1008,3,54.0
1008,4,50.0
1008,5,45.0
1008,6,39.0
1008,7,111.0
1008,8,111.0
1008,9,153.0
1008,10,156.0
1009,0,91.0
1009,2,81.0
1009,3,78.0
1009,4,75.0
1009,5,71.0
1009,6,59.0
1009,7,57.0
1009,8,55.0
1009,9,51.0
1010,0,94.0
1010,2,85.0
1010,3,81.0
1010,4,77.0
1010,5,114.0
1010,6,87.0
1010,7,136.0
1011,0,101.0
1011,2,91.0
1011,3,88.0
1011,4,84.0
1011,5,80.0
1011,8,69.0
1011,9,65.0
1012,0,93.0
1012,2,89.0
1012,3,84.0
1012,4,81.0
1012,5,76.0
1012,6,72.0
1012,7,67.0
1012,8,63.0
1012,9,60.0
1013,0,95.0
1013,2,77.0
1013,3,74.0
1013,4,69.0
1013,5,63.0
1013,6,104.0
1013,7,105.0
1013,8,149.0
1013,9,157.0
1013,10,147.0
1013,11,90.0
1014,0,93.0
1014,3,73.0
1014,4,73.0
1014,5,69.0
1014,6,65.0
1014,7,61.0
1014,8,58.0
1014,9,54.0
1015,0,94.0
1015,2,83.0
1015,3,79.0
1015,4,75.0
1015,5,70.0
1015,6,67.0
1015,7,64.0
1015,8,61.0
1015,9,58.0
1015,10,54.0
1015,11,50.0
1016,0,96.0
1016,2,87.0
1016,3,83.0
1016,4,79.0
1016,5,117.0
1016,6,119.0
1016,7,153.0
1016,8,155.0
1017,0,97.0
1017,2,71.0
1017,3,67.0
1017,4,63.0
1017,5,60.0
1017,6,55.0
1017,7,106.0
1017,8,103.0
1017,9,153.0
1017,10,157.0
1018,0,110.0
1018,4,116.0
1018,9,110.0
1018,10,86.0
1018,11,78.0
1018,12,138.0
1018,13,125.0
1019,0,92.0
1019,2,91.0
1019,3,90.0
1019,4,102.0
1019,5,118.0
1019,6,84.0
1019,7,68.0
1019,8,63.0
1019,9,124.0
1020,0,109.0
1020,2,75.0
1020,3,70.0
1020,4,66.0
1020,5,62.0
1020,6,58.0
1020,7,127.0
1020,8,124.0
1020,9,179.0
1020,10,177.0
1020,11,171.0
1021,0,94.0
1021,2,129.0
1021,3,59.0
1021,4,54.0
1021,5,49.0
1021,6,99.0
1021,7,98.0
1021,8,69.0
1021,9,60.0
1021,10,103.0
1021,11,127.0
1022,0,93.0
1022,2,93.0
1022,3,90.0
1022,4,86.0
1022,5,82.0
1022,6,79.0
1022,7,74.0
1023,0,101.0
1023,2,42.0
1023,3,38.0
1023,4,35.0
1023,5,30.0
1023,6,25.0
1023,8,17.0
1023,9,132.0
1023,13,176.0
